Item,Category,Produced_Qty,Sold_Qty,Waste_Qty,Waste_Loss,Price_Per_Unit,Revenue,Expiry_Days,Day_of_Week,Date
Bingo Mad Angles,Snacks,92,12.1,92.0,7176.0,78,943.8,0.5,Tuesday,2023-01-01
Multigrain Cookies,Bakery,224,9.0,224.0,3136.0,14,126.0,1.0,Monday,2023-01-02
Nestlé Yogurt 150g,Dairy,201,20.1,201.0,3216.0,16,321.6,0.5,Thursday,2023-01-03
Tomato 1kg,Produce,204,9.7,204.0,7344.0,36,349.2,0.5,Saturday,2023-01-04
Banana 6pcs,Produce,154,5.6,154.0,10472.0,68,380.79999999999995,0.5,Monday,2023-01-05
Nestlé Yogurt 150g,Dairy,262,2.0,262.0,17030.0,65,130.0,0.5,Thursday,2023-01-06
Lays Chips 100g,Snacks,232,9.7,222.72,16926.72,76,737.1999999999999,5.0,Monday,2023-01-07
Mutton Mince 250g,Meat,295,24.6,141.6,2548.7999999999997,18,442.8,5.0,Sunday,2023-01-08
Amul Milk 500ml,Dairy,12,4.6,3.12,180.96,58,266.79999999999995,2.0,Thursday,2023-01-09
Chicken Breast 500g,Meat,260,13.0,148.2,4001.3999999999996,27,351.0,7.0,Tuesday,2023-01-10
Brown Bun Pack,Bakery,32,21.3,19.2,1017.5999999999999,53,1128.9,0.5,Tuesday,2023-01-11
Mother Dairy Butter 100g,Dairy,220,13.7,220.0,9460.0,43,589.1,0.5,Wednesday,2023-01-12
Lays Chips 100g,Snacks,144,13.6,144.0,7056.0,49,666.4,0.5,Thursday,2023-01-13
Kurkure Masala,Snacks,59,12.2,59.0,2773.0,47,573.4,0.5,Thursday,2023-01-14
Brown Bun Pack,Bakery,90,22.4,7.2,316.8,44,985.5999999999999,10.0,Wednesday,2023-01-15
Spinach Bunch,Produce,253,12.6,253.0,14927.0,59,743.4,0.5,Wednesday,2023-01-16
Spinach Bunch,Produce,145,15.8,145.0,5655.0,39,616.2,0.5,Thursday,2023-01-17
Nestlé Yogurt 150g,Dairy,267,21.8,267.0,4806.0,18,392.40000000000003,0.5,Sunday,2023-01-18
Brown Bun Pack,Bakery,247,10.0,244.53,13938.210000000001,57,570.0,5.0,Sunday,2023-01-19
Fish Fillet 300g,Meat,228,20.6,228.0,3192.0,14,288.40000000000003,0.5,Saturday,2023-01-20
Mutton Mince 250g,Meat,265,1.7,265.0,8745.0,33,56.1,0.5,Wednesday,2023-01-21
Bingo Mad Angles,Snacks,63,14.9,13.229999999999999,727.65,55,819.5,4.0,Friday,2023-01-22
Kurkure Masala,Snacks,283,12.9,283.0,19244.0,68,877.2,0.5,Sunday,2023-01-23
Lays Chips 100g,Snacks,116,7.0,116.0,8584.0,74,518.0,0.5,Monday,2023-01-24
Chicken Breast 500g,Meat,47,10.3,47.0,3666.0,78,803.4000000000001,0.5,Sunday,2023-01-25
Brown Bun Pack,Bakery,222,23.4,222.0,6882.0,31,725.4,0.5,Saturday,2023-01-26
Mutton Mince 250g,Meat,96,22.0,27.839999999999996,2505.5999999999995,90,1980.0,3.0,Sunday,2023-01-27
Kurkure Masala,Snacks,224,3.6,224.0,17248.0,77,277.2,8.0,Friday,2023-01-28
Multigrain Cookies,Bakery,60,10.4,34.8,3375.6,97,1008.8000000000001,2.0,Monday,2023-01-29
White Bread,Bakery,261,20.0,112.23,5611.5,50,1000.0,6.0,Wednesday,2023-01-30
Chicken Breast 500g,Meat,263,14.3,263.0,20251.0,77,1101.1000000000001,0.5,Wednesday,2023-01-31
Amul Milk 500ml,Dairy,185,8.9,185.0,13875.0,75,667.5,0.5,Friday,2023-02-01
Spinach Bunch,Produce,268,4.9,268.0,13668.0,51,249.9,0.5,Sunday,2023-02-02
Fish Fillet 300g,Meat,206,17.1,206.0,13184.0,64,1094.4,1.0,Saturday,2023-02-03
Bingo Mad Angles,Snacks,60,21.6,6.6,587.4,89,1922.4,5.0,Monday,2023-02-04
Chicken Breast 500g,Meat,100,2.8,100.0,4100.0,41,114.8,7.0,Friday,2023-02-05
Brown Bun Pack,Bakery,39,10.3,14.82,1126.32,76,782.8000000000001,2.0,Sunday,2023-02-06
Fish Fillet 300g,Meat,40,12.5,40.0,3240.0,81,1012.5,0.5,Wednesday,2023-02-07
Kurkure Masala,Snacks,148,0.6,148.0,3108.0,21,12.6,0.5,Wednesday,2023-02-08
Fish Fillet 300g,Meat,37,4.2,37.0,888.0,24,100.80000000000001,0.5,Saturday,2023-02-09
White Bread,Bakery,162,14.2,92.33999999999999,4894.0199999999995,53,752.5999999999999,4.0,Saturday,2023-02-10
Bingo Mad Angles,Snacks,289,13.2,141.60999999999999,10479.14,74,976.8,9.0,Sunday,2023-02-11
Mutton Mince 250g,Meat,271,8.9,271.0,9485.0,35,311.5,6.0,Sunday,2023-02-12
Amul Milk 500ml,Dairy,11,14.1,3.41,317.13,93,1311.3,0.5,Saturday,2023-02-13
Nestlé Yogurt 150g,Dairy,217,2.8,217.0,15190.0,70,196.0,0.5,Friday,2023-02-14
Lays Chips 100g,Snacks,165,13.4,165.0,13860.0,84,1125.6000000000001,0.5,Wednesday,2023-02-15
Bingo Mad Angles,Snacks,26,13.7,19.76,1323.92,67,917.9,0.5,Tuesday,2023-02-16
Spinach Bunch,Produce,115,22.4,115.0,2760.0,24,537.5999999999999,0.5,Wednesday,2023-02-17
Brown Bun Pack,Bakery,42,24.3,28.979999999999997,1246.1399999999999,43,1044.9,0.5,Thursday,2023-02-18
Mother Dairy Butter 100g,Dairy,38,12.7,38.0,2394.0,63,800.0999999999999,0.5,Tuesday,2023-02-19
Kurkure Masala,Snacks,148,0.6,148.0,14060.0,95,57.0,0.5,Sunday,2023-02-20
Multigrain Cookies,Bakery,60,10.4,34.8,1948.7999999999997,56,582.4,2.0,Thursday,2023-02-21
Brown Bun Pack,Bakery,90,22.4,7.2,648.0,90,2015.9999999999998,10.0,Sunday,2023-02-22
Mutton Mince 250g,Meat,271,8.9,271.0,7317.0,27,240.3,6.0,Monday,2023-02-23
Mutton Mince 250g,Meat,295,24.6,141.6,1416.0,10,246.0,5.0,Monday,2023-02-24
Mutton Mince 250g,Meat,265,1.7,265.0,11925.0,45,76.5,0.5,Sunday,2023-02-25
Kurkure Masala,Snacks,148,0.6,148.0,12432.0,84,50.4,0.5,Friday,2023-02-26
Brown Bun Pack,Bakery,247,10.0,244.53,12715.56,52,520.0,5.0,Monday,2023-02-27
Kurkure Masala,Snacks,283,12.9,283.0,8773.0,31,399.90000000000003,0.5,Monday,2023-02-28
Brown Bun Pack,Bakery,32,21.3,19.2,480.0,25,532.5,0.5,Wednesday,2023-03-01
Brown Bun Pack,Bakery,32,21.3,19.2,883.1999999999999,46,979.8000000000001,0.5,Wednesday,2023-03-02
Lays Chips 100g,Snacks,116,7.0,116.0,4640.0,40,280.0,0.5,Thursday,2023-03-03
Chicken Breast 500g,Meat,100,2.8,100.0,5100.0,51,142.79999999999998,7.0,Sunday,2023-03-04
Fish Fillet 300g,Meat,37,4.2,37.0,1184.0,32,134.4,0.5,Thursday,2023-03-05
Lays Chips 100g,Snacks,116,7.0,116.0,8816.0,76,532.0,0.5,Friday,2023-03-06
Nestlé Yogurt 150g,Dairy,201,20.1,201.0,8844.0,44,884.4000000000001,0.5,Monday,2023-03-07
Bingo Mad Angles,Snacks,63,14.9,13.229999999999999,595.3499999999999,45,670.5,4.0,Monday,2023-03-08
Multigrain Cookies,Bakery,224,9.0,224.0,16128.0,72,648.0,1.0,Thursday,2023-03-09
Lays Chips 100g,Snacks,116,7.0,116.0,7424.0,64,448.0,0.5,Sunday,2023-03-10
Amul Milk 500ml,Dairy,11,14.1,3.41,279.62,82,1156.2,0.5,Saturday,2023-03-11
White Bread,Bakery,261,20.0,112.23,9090.630000000001,81,1620.0,6.0,Thursday,2023-03-12
Fish Fillet 300g,Meat,40,12.5,40.0,600.0,15,187.5,0.5,Thursday,2023-03-13
Multigrain Cookies,Bakery,224,9.0,224.0,3584.0,16,144.0,1.0,Sunday,2023-03-14
Mutton Mince 250g,Meat,265,1.7,265.0,6360.0,24,40.8,0.5,Wednesday,2023-03-15
Spinach Bunch,Produce,268,4.9,268.0,20368.0,76,372.40000000000003,0.5,Saturday,2023-03-16
Mother Dairy Butter 100g,Dairy,220,13.7,220.0,11660.0,53,726.0999999999999,0.5,Wednesday,2023-03-17
Bingo Mad Angles,Snacks,63,14.9,13.229999999999999,952.56,72,1072.8,4.0,Thursday,2023-03-18
Amul Milk 500ml,Dairy,11,14.1,3.41,156.86,46,648.6,0.5,Sunday,2023-03-19
Chicken Breast 500g,Meat,47,10.3,47.0,4089.0,87,896.1,0.5,Tuesday,2023-03-20
Brown Bun Pack,Bakery,42,24.3,28.979999999999997,1796.7599999999998,62,1506.6000000000001,0.5,Friday,2023-03-21
Mutton Mince 250g,Meat,96,22.0,27.839999999999996,2171.5199999999995,78,1716.0,3.0,Friday,2023-03-22
Bingo Mad Angles,Snacks,289,13.2,141.60999999999999,8779.82,62,818.4,9.0,Sunday,2023-03-23
Kurkure Masala,Snacks,224,3.6,224.0,16800.0,75,270.0,8.0,Thursday,2023-03-24
Spinach Bunch,Produce,253,12.6,253.0,14421.0,57,718.1999999999999,0.5,Monday,2023-03-25
Brown Bun Pack,Bakery,90,22.4,7.2,504.0,70,1568.0,10.0,Thursday,2023-03-26
Bingo Mad Angles,Snacks,26,13.7,19.76,1185.6000000000001,60,822.0,0.5,Saturday,2023-03-27
Amul Milk 500ml,Dairy,11,14.1,3.41,208.01000000000002,61,860.1,0.5,Sunday,2023-03-28
Nestlé Yogurt 150g,Dairy,201,20.1,201.0,14271.0,71,1427.1000000000001,0.5,Friday,2023-03-29
Brown Bun Pack,Bakery,39,10.3,14.82,414.96000000000004,28,288.40000000000003,2.0,Friday,2023-03-30
Lays Chips 100g,Snacks,232,9.7,222.72,6904.32,31,300.7,5.0,Sunday,2023-03-31
Mutton Mince 250g,Meat,265,1.7,265.0,17225.0,65,110.5,0.5,Friday,2023-04-01
Amul Milk 500ml,Dairy,12,4.6,3.12,249.60000000000002,80,368.0,2.0,Thursday,2023-04-02
Kurkure Masala,Snacks,148,0.6,148.0,7844.0,53,31.799999999999997,0.5,Friday,2023-04-03
Nestlé Yogurt 150g,Dairy,267,21.8,267.0,11481.0,43,937.4,0.5,Sunday,2023-04-04
Tomato 1kg,Produce,204,9.7,204.0,15096.0,74,717.8,0.5,Saturday,2023-04-05
Chicken Breast 500g,Meat,47,10.3,47.0,3008.0,64,659.2,0.5,Sunday,2023-04-06
Kurkure Masala,Snacks,59,12.2,59.0,3953.0,67,817.4,0.5,Tuesday,2023-04-07
Mother Dairy Butter 100g,Dairy,38,12.7,38.0,608.0,16,203.2,0.5,Wednesday,2023-04-08
Amul Milk 500ml,Dairy,12,4.6,3.12,112.32000000000001,36,165.6,2.0,Monday,2023-04-09
Brown Bun Pack,Bakery,222,23.4,222.0,15984.0,72,1684.8,0.5,Friday,2023-04-10
Multigrain Cookies,Bakery,224,9.0,224.0,11424.0,51,459.0,1.0,Tuesday,2023-04-11
Fish Fillet 300g,Meat,228,20.6,228.0,20520.0,90,1854.0000000000002,0.5,Wednesday,2023-04-12
Kurkure Masala,Snacks,224,3.6,224.0,3136.0,14,50.4,8.0,Friday,2023-04-13
Bingo Mad Angles,Snacks,26,13.7,19.76,1521.5200000000002,77,1054.8999999999999,0.5,Tuesday,2023-04-14
Lays Chips 100g,Snacks,232,9.7,222.72,17372.16,78,756.5999999999999,5.0,Wednesday,2023-04-15
Amul Milk 500ml,Dairy,11,14.1,3.41,235.29000000000002,69,972.9,0.5,Friday,2023-04-16
Mutton Mince 250g,Meat,295,24.6,141.6,9345.6,66,1623.6000000000001,5.0,Thursday,2023-04-17
Bingo Mad Angles,Snacks,26,13.7,19.76,355.68,18,246.6,0.5,Tuesday,2023-04-18
Bingo Mad Angles,Snacks,60,21.6,6.6,132.0,20,432.0,5.0,Tuesday,2023-04-19
Kurkure Masala,Snacks,59,12.2,59.0,3068.0,52,634.4,0.5,Sunday,2023-04-20
Spinach Bunch,Produce,145,15.8,145.0,10585.0,73,1153.4,0.5,Tuesday,2023-04-21
Chicken Breast 500g,Meat,100,2.8,100.0,8600.0,86,240.79999999999998,7.0,Tuesday,2023-04-22
Mother Dairy Butter 100g,Dairy,38,12.7,38.0,3686.0,97,1231.8999999999999,0.5,Wednesday,2023-04-23
Fish Fillet 300g,Meat,37,4.2,37.0,1258.0,34,142.8,0.5,Friday,2023-04-24
Tomato 1kg,Produce,204,9.7,204.0,14688.0,72,698.4,0.5,Saturday,2023-04-25
Multigrain Cookies,Bakery,224,9.0,224.0,2912.0,13,117.0,1.0,Sunday,2023-04-26
Nestlé Yogurt 150g,Dairy,262,2.0,262.0,23842.0,91,182.0,0.5,Wednesday,2023-04-27
Bingo Mad Angles,Snacks,289,13.2,141.60999999999999,12036.849999999999,85,1122.0,9.0,Wednesday,2023-04-28
Tomato 1kg,Produce,204,9.7,204.0,5508.0,27,261.9,0.5,Friday,2023-04-29
Multigrain Cookies,Bakery,60,10.4,34.8,1252.8,36,374.40000000000003,2.0,Monday,2023-04-30
Nestlé Yogurt 150g,Dairy,267,21.8,267.0,15219.0,57,1242.6000000000001,0.5,Saturday,2023-05-01
Brown Bun Pack,Bakery,222,23.4,222.0,21978.0,99,2316.6,0.5,Sunday,2023-05-02
Amul Milk 500ml,Dairy,11,14.1,3.41,265.98,78,1099.8,0.5,Sunday,2023-05-03
Fish Fillet 300g,Meat,206,17.1,206.0,17510.0,85,1453.5000000000002,1.0,Tuesday,2023-05-04
Chicken Breast 500g,Meat,260,13.0,148.2,14227.199999999999,96,1248.0,7.0,Thursday,2023-05-05
Chicken Breast 500g,Meat,100,2.8,100.0,2900.0,29,81.19999999999999,7.0,Wednesday,2023-05-06
Kurkure Masala,Snacks,59,12.2,59.0,4720.0,80,976.0,0.5,Tuesday,2023-05-07
Chicken Breast 500g,Meat,263,14.3,263.0,13676.0,52,743.6,0.5,Saturday,2023-05-08
Spinach Bunch,Produce,115,22.4,115.0,8165.0,71,1590.3999999999999,0.5,Saturday,2023-05-09
Brown Bun Pack,Bakery,90,22.4,7.2,403.2,56,1254.3999999999999,10.0,Wednesday,2023-05-10
Mutton Mince 250g,Meat,295,24.6,141.6,7646.4,54,1328.4,5.0,Tuesday,2023-05-11
Kurkure Masala,Snacks,59,12.2,59.0,4189.0,71,866.1999999999999,0.5,Sunday,2023-05-12
Kurkure Masala,Snacks,283,12.9,283.0,18395.0,65,838.5,0.5,Sunday,2023-05-13
Fish Fillet 300g,Meat,37,4.2,37.0,2886.0,78,327.6,0.5,Wednesday,2023-05-14
Mutton Mince 250g,Meat,265,1.7,265.0,25970.0,98,166.6,0.5,Thursday,2023-05-15
Spinach Bunch,Produce,253,12.6,253.0,11385.0,45,567.0,0.5,Tuesday,2023-05-16
Nestlé Yogurt 150g,Dairy,217,2.8,217.0,2604.0,12,33.599999999999994,0.5,Tuesday,2023-05-17
Nestlé Yogurt 150g,Dairy,267,21.8,267.0,16020.0,60,1308.0,0.5,Tuesday,2023-05-18
Bingo Mad Angles,Snacks,26,13.7,19.76,316.16,16,219.2,0.5,Tuesday,2023-05-19
Lays Chips 100g,Snacks,116,7.0,116.0,1624.0,14,98.0,0.5,Monday,2023-05-20
Brown Bun Pack,Bakery,222,23.4,222.0,17094.0,77,1801.8,0.5,Sunday,2023-05-21
Chicken Breast 500g,Meat,47,10.3,47.0,470.0,10,103.0,0.5,Monday,2023-05-22
Nestlé Yogurt 150g,Dairy,217,2.8,217.0,14322.0,66,184.79999999999998,0.5,Saturday,2023-05-23
White Bread,Bakery,162,14.2,92.33999999999999,1108.08,12,170.39999999999998,4.0,Wednesday,2023-05-24
Multigrain Cookies,Bakery,60,10.4,34.8,2818.7999999999997,81,842.4,2.0,Friday,2023-05-25
Brown Bun Pack,Bakery,90,22.4,7.2,216.0,30,672.0,10.0,Saturday,2023-05-26
Nestlé Yogurt 150g,Dairy,217,2.8,217.0,15407.0,71,198.79999999999998,0.5,Saturday,2023-05-27
Bingo Mad Angles,Snacks,92,12.1,92.0,7820.0,85,1028.5,0.5,Saturday,2023-05-28
Chicken Breast 500g,Meat,47,10.3,47.0,1034.0,22,226.60000000000002,0.5,Wednesday,2023-05-29
Lays Chips 100g,Snacks,232,9.7,222.72,2895.36,13,126.1,5.0,Tuesday,2023-05-30
Amul Milk 500ml,Dairy,12,4.6,3.12,196.56,63,289.79999999999995,2.0,Wednesday,2023-05-31
Lays Chips 100g,Snacks,116,7.0,116.0,5916.0,51,357.0,0.5,Monday,2023-06-01
Bingo Mad Angles,Snacks,92,12.1,92.0,8556.0,93,1125.3,0.5,Friday,2023-06-02
Amul Milk 500ml,Dairy,11,14.1,3.41,132.99,39,549.9,0.5,Sunday,2023-06-03
Mutton Mince 250g,Meat,295,24.6,141.6,12460.8,88,2164.8,5.0,Thursday,2023-06-04
Lays Chips 100g,Snacks,116,7.0,116.0,6496.0,56,392.0,0.5,Sunday,2023-06-05
Brown Bun Pack,Bakery,32,21.3,19.2,614.4,32,681.6,0.5,Friday,2023-06-06
Spinach Bunch,Produce,145,15.8,145.0,2900.0,20,316.0,0.5,Saturday,2023-06-07
Mutton Mince 250g,Meat,295,24.6,141.6,12319.199999999999,87,2140.2000000000003,5.0,Friday,2023-06-08
Bingo Mad Angles,Snacks,60,21.6,6.6,488.4,74,1598.4,5.0,Saturday,2023-06-09
Bingo Mad Angles,Snacks,60,21.6,6.6,270.59999999999997,41,885.6,5.0,Saturday,2023-06-10
Spinach Bunch,Produce,268,4.9,268.0,17688.0,66,323.40000000000003,0.5,Sunday,2023-06-11
Banana 6pcs,Produce,154,5.6,154.0,2464.0,16,89.6,0.5,Thursday,2023-06-12
Bingo Mad Angles,Snacks,289,13.2,141.60999999999999,13311.339999999998,94,1240.8,9.0,Sunday,2023-06-13
Kurkure Masala,Snacks,148,0.6,148.0,10804.0,73,43.8,0.5,Monday,2023-06-14
White Bread,Bakery,162,14.2,92.33999999999999,7664.219999999999,83,1178.6,4.0,Sunday,2023-06-15
Kurkure Masala,Snacks,224,3.6,224.0,8960.0,40,144.0,8.0,Tuesday,2023-06-16
Lays Chips 100g,Snacks,232,9.7,222.72,20490.24,92,892.4,5.0,Wednesday,2023-06-17
Amul Milk 500ml,Dairy,12,4.6,3.12,34.32,11,50.599999999999994,2.0,Friday,2023-06-18
Mutton Mince 250g,Meat,295,24.6,141.6,5805.599999999999,41,1008.6,5.0,Wednesday,2023-06-19
Mother Dairy Butter 100g,Dairy,220,13.7,220.0,4620.0,21,287.7,0.5,Wednesday,2023-06-20
Fish Fillet 300g,Meat,206,17.1,206.0,17510.0,85,1453.5000000000002,1.0,Tuesday,2023-06-21
Spinach Bunch,Produce,268,4.9,268.0,10720.0,40,196.0,0.5,Friday,2023-06-22
Spinach Bunch,Produce,115,22.4,115.0,5750.0,50,1120.0,0.5,Wednesday,2023-06-23
Kurkure Masala,Snacks,283,12.9,283.0,7641.0,27,348.3,0.5,Wednesday,2023-06-24
Lays Chips 100g,Snacks,116,7.0,116.0,7192.0,62,434.0,0.5,Thursday,2023-06-25
Brown Bun Pack,Bakery,39,10.3,14.82,1155.96,78,803.4000000000001,2.0,Monday,2023-06-26
Bingo Mad Angles,Snacks,60,21.6,6.6,442.2,67,1447.2,5.0,Saturday,2023-06-27
Amul Milk 500ml,Dairy,11,14.1,3.41,136.4,40,564.0,0.5,Wednesday,2023-06-28
Fish Fillet 300g,Meat,37,4.2,37.0,2405.0,65,273.0,0.5,Wednesday,2023-06-29
Bingo Mad Angles,Snacks,63,14.9,13.229999999999999,780.5699999999999,59,879.1,4.0,Friday,2023-06-30
Mutton Mince 250g,Meat,96,22.0,27.839999999999996,1865.2799999999997,67,1474.0,3.0,Wednesday,2023-07-01
Bingo Mad Angles,Snacks,60,21.6,6.6,297.0,45,972.0000000000001,5.0,Saturday,2023-07-02
Bingo Mad Angles,Snacks,92,12.1,92.0,5612.0,61,738.1,0.5,Saturday,2023-07-03
Bingo Mad Angles,Snacks,60,21.6,6.6,158.39999999999998,24,518.4000000000001,5.0,Monday,2023-07-04
Brown Bun Pack,Bakery,39,10.3,14.82,385.32,26,267.8,2.0,Sunday,2023-07-05
Bingo Mad Angles,Snacks,26,13.7,19.76,395.20000000000005,20,274.0,0.5,Tuesday,2023-07-06
Kurkure Masala,Snacks,59,12.2,59.0,2419.0,41,500.2,0.5,Sunday,2023-07-07
Nestlé Yogurt 150g,Dairy,201,20.1,201.0,12060.0,60,1206.0,0.5,Thursday,2023-07-08
Bingo Mad Angles,Snacks,92,12.1,92.0,7452.0,81,980.1,0.5,Monday,2023-07-09
Banana 6pcs,Produce,154,5.6,154.0,6622.0,43,240.79999999999998,0.5,Monday,2023-07-10
Brown Bun Pack,Bakery,222,23.4,222.0,14208.0,64,1497.6,0.5,Wednesday,2023-07-11
Kurkure Masala,Snacks,59,12.2,59.0,2773.0,47,573.4,0.5,Thursday,2023-07-12
Kurkure Masala,Snacks,148,0.6,148.0,3700.0,25,15.0,0.5,Wednesday,2023-07-13
Mutton Mince 250g,Meat,96,22.0,27.839999999999996,473.2799999999999,17,374.0,3.0,Saturday,2023-07-14
Amul Milk 500ml,Dairy,12,4.6,3.12,293.28000000000003,94,432.4,2.0,Wednesday,2023-07-15
Brown Bun Pack,Bakery,90,22.4,7.2,201.6,28,627.1999999999999,10.0,Friday,2023-07-16
Brown Bun Pack,Bakery,90,22.4,7.2,115.2,16,358.4,10.0,Friday,2023-07-17
Brown Bun Pack,Bakery,222,23.4,222.0,16872.0,76,1778.3999999999999,0.5,Monday,2023-07-18
Bingo Mad Angles,Snacks,289,13.2,141.60999999999999,5522.789999999999,39,514.8,9.0,Monday,2023-07-19
Lays Chips 100g,Snacks,144,13.6,144.0,4032.0,28,380.8,0.5,Tuesday,2023-07-20
Amul Milk 500ml,Dairy,185,8.9,185.0,10360.0,56,498.40000000000003,0.5,Friday,2023-07-21
Kurkure Masala,Snacks,148,0.6,148.0,2368.0,16,9.6,0.5,Tuesday,2023-07-22
Brown Bun Pack,Bakery,42,24.3,28.979999999999997,2231.4599999999996,77,1871.1000000000001,0.5,Sunday,2023-07-23
Amul Milk 500ml,Dairy,185,8.9,185.0,17575.0,95,845.5,0.5,Monday,2023-07-24
Tomato 1kg,Produce,204,9.7,204.0,8568.0,42,407.4,0.5,Friday,2023-07-25
White Bread,Bakery,261,20.0,112.23,1122.3,10,200.0,6.0,Sunday,2023-07-26
Brown Bun Pack,Bakery,39,10.3,14.82,1067.04,72,741.6,2.0,Friday,2023-07-27
Kurkure Masala,Snacks,283,12.9,283.0,4811.0,17,219.3,0.5,Thursday,2023-07-28
Kurkure Masala,Snacks,148,0.6,148.0,11840.0,80,48.0,0.5,Monday,2023-07-29
Nestlé Yogurt 150g,Dairy,217,2.8,217.0,14322.0,66,184.79999999999998,0.5,Monday,2023-07-30
Brown Bun Pack,Bakery,90,22.4,7.2,705.6,98,2195.2,10.0,Thursday,2023-07-31
Mutton Mince 250g,Meat,271,8.9,271.0,14634.0,54,480.6,6.0,Tuesday,2023-08-01
Multigrain Cookies,Bakery,60,10.4,34.8,800.4,23,239.20000000000002,2.0,Tuesday,2023-08-02
Chicken Breast 500g,Meat,100,2.8,100.0,9000.0,90,251.99999999999997,7.0,Sunday,2023-08-03
Lays Chips 100g,Snacks,144,13.6,144.0,9216.0,64,870.4,0.5,Wednesday,2023-08-04
Amul Milk 500ml,Dairy,185,8.9,185.0,16280.0,88,783.2,0.5,Wednesday,2023-08-05
Lays Chips 100g,Snacks,232,9.7,222.72,13363.2,60,582.0,5.0,Thursday,2023-08-06
Bingo Mad Angles,Snacks,63,14.9,13.229999999999999,1084.86,82,1221.8,4.0,Monday,2023-08-07
Kurkure Masala,Snacks,224,3.6,224.0,20160.0,90,324.0,8.0,Thursday,2023-08-08
Multigrain Cookies,Bakery,224,9.0,224.0,18592.0,83,747.0,1.0,Tuesday,2023-08-09
Bingo Mad Angles,Snacks,289,13.2,141.60999999999999,9771.089999999998,69,910.8,9.0,Tuesday,2023-08-10
Nestlé Yogurt 150g,Dairy,217,2.8,217.0,20181.0,93,260.4,0.5,Wednesday,2023-08-11
Nestlé Yogurt 150g,Dairy,262,2.0,262.0,3930.0,15,30.0,0.5,Saturday,2023-08-12
Kurkure Masala,Snacks,224,3.6,224.0,2240.0,10,36.0,8.0,Saturday,2023-08-13
Kurkure Masala,Snacks,224,3.6,224.0,13216.0,59,212.4,8.0,Tuesday,2023-08-14
Amul Milk 500ml,Dairy,11,14.1,3.41,160.27,47,662.6999999999999,0.5,Thursday,2023-08-15
Amul Milk 500ml,Dairy,11,14.1,3.41,279.62,82,1156.2,0.5,Wednesday,2023-08-16
Fish Fillet 300g,Meat,228,20.6,228.0,21204.0,93,1915.8000000000002,0.5,Wednesday,2023-08-17
White Bread,Bakery,261,20.0,112.23,9202.86,82,1640.0,6.0,Monday,2023-08-18
Brown Bun Pack,Bakery,32,21.3,19.2,1900.8,99,2108.7000000000003,0.5,Sunday,2023-08-19
Kurkure Masala,Snacks,224,3.6,224.0,21504.0,96,345.6,8.0,Friday,2023-08-20
Chicken Breast 500g,Meat,47,10.3,47.0,3995.0,85,875.5000000000001,0.5,Wednesday,2023-08-21
Kurkure Masala,Snacks,148,0.6,148.0,1480.0,10,6.0,0.5,Sunday,2023-08-22
Spinach Bunch,Produce,268,4.9,268.0,6968.0,26,127.4,0.5,Thursday,2023-08-23
Bingo Mad Angles,Snacks,92,12.1,92.0,8464.0,92,1113.2,0.5,Thursday,2023-08-24
Mutton Mince 250g,Meat,96,22.0,27.839999999999996,1197.12,43,946.0,3.0,Thursday,2023-08-25
Lays Chips 100g,Snacks,144,13.6,144.0,12816.0,89,1210.3999999999999,0.5,Saturday,2023-08-26
White Bread,Bakery,162,14.2,92.33999999999999,4247.639999999999,46,653.1999999999999,4.0,Sunday,2023-08-27
Nestlé Yogurt 150g,Dairy,201,20.1,201.0,19899.0,99,1989.9,0.5,Friday,2023-08-28
Kurkure Masala,Snacks,148,0.6,148.0,5180.0,35,21.0,0.5,Thursday,2023-08-29
Nestlé Yogurt 150g,Dairy,262,2.0,262.0,5502.0,21,42.0,0.5,Saturday,2023-08-30
Mutton Mince 250g,Meat,295,24.6,141.6,6230.4,44,1082.4,5.0,Sunday,2023-08-31
Mutton Mince 250g,Meat,96,22.0,27.839999999999996,2310.72,83,1826.0,3.0,Sunday,2023-09-01
Amul Milk 500ml,Dairy,12,4.6,3.12,227.76000000000002,73,335.79999999999995,2.0,Wednesday,2023-09-02
Brown Bun Pack,Bakery,39,10.3,14.82,948.48,64,659.2,2.0,Thursday,2023-09-03
Spinach Bunch,Produce,268,4.9,268.0,22244.0,83,406.70000000000005,0.5,Saturday,2023-09-04
Bingo Mad Angles,Snacks,289,13.2,141.60999999999999,11045.579999999998,78,1029.6,9.0,Saturday,2023-09-05
Amul Milk 500ml,Dairy,11,14.1,3.41,330.77000000000004,97,1367.7,0.5,Thursday,2023-09-06
Lays Chips 100g,Snacks,116,7.0,116.0,3132.0,27,189.0,0.5,Sunday,2023-09-07
Brown Bun Pack,Bakery,90,22.4,7.2,172.8,24,537.5999999999999,10.0,Saturday,2023-09-08
Amul Milk 500ml,Dairy,185,8.9,185.0,13875.0,75,667.5,0.5,Monday,2023-09-09
Amul Milk 500ml,Dairy,185,8.9,185.0,9990.0,54,480.6,0.5,Tuesday,2023-09-10
Lays Chips 100g,Snacks,116,7.0,116.0,9048.0,78,546.0,0.5,Sunday,2023-09-11
White Bread,Bakery,162,14.2,92.33999999999999,1754.4599999999998,19,269.8,4.0,Monday,2023-09-12
Brown Bun Pack,Bakery,42,24.3,28.979999999999997,1767.7799999999997,61,1482.3,0.5,Friday,2023-09-13
Brown Bun Pack,Bakery,42,24.3,28.979999999999997,2550.24,88,2138.4,0.5,Saturday,2023-09-14
Mother Dairy Butter 100g,Dairy,220,13.7,220.0,19580.0,89,1219.3,0.5,Thursday,2023-09-15
Kurkure Masala,Snacks,148,0.6,148.0,9472.0,64,38.4,0.5,Sunday,2023-09-16
Multigrain Cookies,Bakery,224,9.0,224.0,17920.0,80,720.0,1.0,Tuesday,2023-09-17
Nestlé Yogurt 150g,Dairy,201,20.1,201.0,16884.0,84,1688.4,0.5,Thursday,2023-09-18
Brown Bun Pack,Bakery,42,24.3,28.979999999999997,1217.1599999999999,42,1020.6,0.5,Monday,2023-09-19
Brown Bun Pack,Bakery,39,10.3,14.82,1007.76,68,700.4000000000001,2.0,Saturday,2023-09-20
Brown Bun Pack,Bakery,42,24.3,28.979999999999997,1709.8199999999997,59,1433.7,0.5,Saturday,2023-09-21
Spinach Bunch,Produce,145,15.8,145.0,6670.0,46,726.8000000000001,0.5,Tuesday,2023-09-22
Brown Bun Pack,Bakery,42,24.3,28.979999999999997,463.67999999999995,16,388.8,0.5,Thursday,2023-09-23
Multigrain Cookies,Bakery,224,9.0,224.0,11872.0,53,477.0,1.0,Thursday,2023-09-24
Multigrain Cookies,Bakery,224,9.0,224.0,10304.0,46,414.0,1.0,Sunday,2023-09-25
Kurkure Masala,Snacks,224,3.6,224.0,8512.0,38,136.8,8.0,Sunday,2023-09-26
Kurkure Masala,Snacks,283,12.9,283.0,24055.0,85,1096.5,0.5,Thursday,2023-09-27
Brown Bun Pack,Bakery,39,10.3,14.82,177.84,12,123.60000000000001,2.0,Friday,2023-09-28
Amul Milk 500ml,Dairy,185,8.9,185.0,4070.0,22,195.8,0.5,Thursday,2023-09-29
Spinach Bunch,Produce,268,4.9,268.0,20368.0,76,372.40000000000003,0.5,Wednesday,2023-09-30
Bingo Mad Angles,Snacks,92,12.1,92.0,6256.0,68,822.8,0.5,Wednesday,2023-10-01
Brown Bun Pack,Bakery,247,10.0,244.53,14182.74,58,580.0,5.0,Tuesday,2023-10-02
Multigrain Cookies,Bakery,224,9.0,224.0,8736.0,39,351.0,1.0,Friday,2023-10-03
Amul Milk 500ml,Dairy,11,14.1,3.41,214.83,63,888.3,0.5,Saturday,2023-10-04
Brown Bun Pack,Bakery,222,23.4,222.0,21090.0,95,2223.0,0.5,Monday,2023-10-05
Amul Milk 500ml,Dairy,185,8.9,185.0,17945.0,97,863.3000000000001,0.5,Saturday,2023-10-06
Nestlé Yogurt 150g,Dairy,262,2.0,262.0,3406.0,13,26.0,0.5,Sunday,2023-10-07
Amul Milk 500ml,Dairy,185,8.9,185.0,4440.0,24,213.60000000000002,0.5,Wednesday,2023-10-08
Tomato 1kg,Produce,204,9.7,204.0,6120.0,30,291.0,0.5,Wednesday,2023-10-09
Brown Bun Pack,Bakery,32,21.3,19.2,1766.3999999999999,92,1959.6000000000001,0.5,Saturday,2023-10-10
Spinach Bunch,Produce,145,15.8,145.0,8700.0,60,948.0,0.5,Saturday,2023-10-11
Fish Fillet 300g,Meat,40,12.5,40.0,3200.0,80,1000.0,0.5,Thursday,2023-10-12
Lays Chips 100g,Snacks,116,7.0,116.0,6264.0,54,378.0,0.5,Wednesday,2023-10-13
Banana 6pcs,Produce,154,5.6,154.0,15092.0,98,548.8,0.5,Thursday,2023-10-14
Fish Fillet 300g,Meat,206,17.1,206.0,18128.0,88,1504.8000000000002,1.0,Saturday,2023-10-15
Nestlé Yogurt 150g,Dairy,262,2.0,262.0,12052.0,46,92.0,0.5,Thursday,2023-10-16
Bingo Mad Angles,Snacks,63,14.9,13.229999999999999,1098.09,83,1236.7,4.0,Thursday,2023-10-17
Brown Bun Pack,Bakery,32,21.3,19.2,537.6,28,596.4,0.5,Wednesday,2023-10-18
Spinach Bunch,Produce,115,22.4,115.0,8050.0,70,1568.0,0.5,Monday,2023-10-19
Spinach Bunch,Produce,253,12.6,253.0,16192.0,64,806.4,0.5,Tuesday,2023-10-20
Spinach Bunch,Produce,268,4.9,268.0,24924.0,93,455.70000000000005,0.5,Monday,2023-10-21
Amul Milk 500ml,Dairy,12,4.6,3.12,65.52,21,96.6,2.0,Monday,2023-10-22
Nestlé Yogurt 150g,Dairy,262,2.0,262.0,25938.0,99,198.0,0.5,Sunday,2023-10-23
Spinach Bunch,Produce,253,12.6,253.0,18216.0,72,907.1999999999999,0.5,Sunday,2023-10-24
Multigrain Cookies,Bakery,60,10.4,34.8,2192.3999999999996,63,655.2,2.0,Wednesday,2023-10-25
Nestlé Yogurt 150g,Dairy,201,20.1,201.0,14472.0,72,1447.2,0.5,Tuesday,2023-10-26
Fish Fillet 300g,Meat,228,20.6,228.0,8664.0,38,782.8000000000001,0.5,Monday,2023-10-27
Chicken Breast 500g,Meat,100,2.8,100.0,7300.0,73,204.39999999999998,7.0,Saturday,2023-10-28
Brown Bun Pack,Bakery,247,10.0,244.53,8803.08,36,360.0,5.0,Sunday,2023-10-29
Brown Bun Pack,Bakery,222,23.4,222.0,7326.0,33,772.1999999999999,0.5,Thursday,2023-10-30
Nestlé Yogurt 150g,Dairy,201,20.1,201.0,7839.0,39,783.9000000000001,0.5,Tuesday,2023-10-31
Brown Bun Pack,Bakery,247,10.0,244.53,5868.72,24,240.0,5.0,Monday,2023-11-01
Fish Fillet 300g,Meat,228,20.6,228.0,5700.0,25,515.0,0.5,Wednesday,2023-11-02
Amul Milk 500ml,Dairy,185,8.9,185.0,10175.0,55,489.5,0.5,Thursday,2023-11-03
Lays Chips 100g,Snacks,232,9.7,222.72,12917.76,58,562.5999999999999,5.0,Saturday,2023-11-04
White Bread,Bakery,162,14.2,92.33999999999999,3139.5599999999995,34,482.79999999999995,4.0,Friday,2023-11-05
Spinach Bunch,Produce,268,4.9,268.0,23852.0,89,436.1,0.5,Wednesday,2023-11-06
Fish Fillet 300g,Meat,37,4.2,37.0,3626.0,98,411.6,0.5,Friday,2023-11-07
Kurkure Masala,Snacks,148,0.6,148.0,8140.0,55,33.0,0.5,Friday,2023-11-08
Nestlé Yogurt 150g,Dairy,267,21.8,267.0,22962.0,86,1874.8,0.5,Tuesday,2023-11-09
Fish Fillet 300g,Meat,37,4.2,37.0,2997.0,81,340.2,0.5,Friday,2023-11-10
Bingo Mad Angles,Snacks,92,12.1,92.0,5060.0,55,665.5,0.5,Sunday,2023-11-11
Brown Bun Pack,Bakery,32,21.3,19.2,384.0,20,426.0,0.5,Sunday,2023-11-12
Kurkure Masala,Snacks,224,3.6,224.0,7840.0,35,126.0,8.0,Thursday,2023-11-13
Chicken Breast 500g,Meat,47,10.3,47.0,4042.0,86,885.8000000000001,0.5,Saturday,2023-11-14
Mother Dairy Butter 100g,Dairy,38,12.7,38.0,2888.0,76,965.1999999999999,0.5,Tuesday,2023-11-15
Kurkure Masala,Snacks,283,12.9,283.0,17263.0,61,786.9,0.5,Thursday,2023-11-16
Chicken Breast 500g,Meat,263,14.3,263.0,4734.0,18,257.40000000000003,0.5,Monday,2023-11-17
White Bread,Bakery,261,20.0,112.23,2020.14,18,360.0,6.0,Thursday,2023-11-18
Bingo Mad Angles,Snacks,289,13.2,141.60999999999999,7363.719999999999,52,686.4,9.0,Sunday,2023-11-19
Bingo Mad Angles,Snacks,60,21.6,6.6,151.79999999999998,23,496.8,5.0,Tuesday,2023-11-20
Lays Chips 100g,Snacks,232,9.7,222.72,15367.68,69,669.3,5.0,Wednesday,2023-11-21
Spinach Bunch,Produce,253,12.6,253.0,12903.0,51,642.6,0.5,Sunday,2023-11-22
Brown Bun Pack,Bakery,222,23.4,222.0,20424.0,92,2152.7999999999997,0.5,Saturday,2023-11-23
Spinach Bunch,Produce,115,22.4,115.0,4715.0,41,918.4,0.5,Wednesday,2023-11-24
Brown Bun Pack,Bakery,42,24.3,28.979999999999997,1391.04,48,1166.4,0.5,Monday,2023-11-25
Multigrain Cookies,Bakery,224,9.0,224.0,17248.0,77,693.0,1.0,Saturday,2023-11-26
Bingo Mad Angles,Snacks,92,12.1,92.0,1104.0,12,145.2,0.5,Wednesday,2023-11-27
Spinach Bunch,Produce,115,22.4,115.0,10465.0,91,2038.3999999999999,0.5,Sunday,2023-11-28
Mother Dairy Butter 100g,Dairy,220,13.7,220.0,20900.0,95,1301.5,0.5,Tuesday,2023-11-29
Banana 6pcs,Produce,154,5.6,154.0,9240.0,60,336.0,0.5,Friday,2023-11-30
Brown Bun Pack,Bakery,39,10.3,14.82,696.54,47,484.1,2.0,Tuesday,2023-12-01
Amul Milk 500ml,Dairy,185,8.9,185.0,14615.0,79,703.1,0.5,Saturday,2023-12-02
Amul Milk 500ml,Dairy,12,4.6,3.12,218.4,70,322.0,2.0,Tuesday,2023-12-03
White Bread,Bakery,162,14.2,92.33999999999999,2954.8799999999997,32,454.4,4.0,Wednesday,2023-12-04
Bingo Mad Angles,Snacks,60,21.6,6.6,369.59999999999997,56,1209.6000000000001,5.0,Tuesday,2023-12-05
Brown Bun Pack,Bakery,247,10.0,244.53,21763.170000000002,89,890.0,5.0,Tuesday,2023-12-06
Spinach Bunch,Produce,115,22.4,115.0,6670.0,58,1299.1999999999998,0.5,Monday,2023-12-07
Spinach Bunch,Produce,253,12.6,253.0,20746.0,82,1033.2,0.5,Saturday,2023-12-08
Nestlé Yogurt 150g,Dairy,201,20.1,201.0,4221.0,21,422.1,0.5,Monday,2023-12-09
Fish Fillet 300g,Meat,228,20.6,228.0,14136.0,62,1277.2,0.5,Monday,2023-12-10
Lays Chips 100g,Snacks,116,7.0,116.0,2088.0,18,126.0,0.5,Tuesday,2023-12-11
Spinach Bunch,Produce,268,4.9,268.0,8844.0,33,161.70000000000002,0.5,Sunday,2023-12-12
Lays Chips 100g,Snacks,116,7.0,116.0,10904.0,94,658.0,0.5,Thursday,2023-12-13
Brown Bun Pack,Bakery,32,21.3,19.2,1248.0,65,1384.5,0.5,Saturday,2023-12-14
Brown Bun Pack,Bakery,42,24.3,28.979999999999997,463.67999999999995,16,388.8,0.5,Monday,2023-12-15
Mutton Mince 250g,Meat,295,24.6,141.6,8637.6,61,1500.6000000000001,5.0,Monday,2023-12-16
Chicken Breast 500g,Meat,100,2.8,100.0,3900.0,39,109.19999999999999,7.0,Thursday,2023-12-17
Fish Fillet 300g,Meat,40,12.5,40.0,3200.0,80,1000.0,0.5,Monday,2023-12-18
Fish Fillet 300g,Meat,37,4.2,37.0,2479.0,67,281.40000000000003,0.5,Tuesday,2023-12-19
Fish Fillet 300g,Meat,228,20.6,228.0,14364.0,63,1297.8000000000002,0.5,Saturday,2023-12-20
Bingo Mad Angles,Snacks,60,21.6,6.6,99.0,15,324.0,5.0,Thursday,2023-12-21
Spinach Bunch,Produce,115,22.4,115.0,4140.0,36,806.4,0.5,Tuesday,2023-12-22
Chicken Breast 500g,Meat,47,10.3,47.0,2538.0,54,556.2,0.5,Wednesday,2023-12-23
Bingo Mad Angles,Snacks,60,21.6,6.6,587.4,89,1922.4,5.0,Wednesday,2023-12-24
Chicken Breast 500g,Meat,47,10.3,47.0,1175.0,25,257.5,0.5,Sunday,2023-12-25
Multigrain Cookies,Bakery,60,10.4,34.8,2610.0,75,780.0,2.0,Friday,2023-12-26
Nestlé Yogurt 150g,Dairy,267,21.8,267.0,13884.0,52,1133.6000000000001,0.5,Sunday,2023-12-27
Lays Chips 100g,Snacks,165,13.4,165.0,4620.0,28,375.2,0.5,Tuesday,2023-12-28
Nestlé Yogurt 150g,Dairy,267,21.8,267.0,21894.0,82,1787.6000000000001,0.5,Sunday,2023-12-29
Multigrain Cookies,Bakery,224,9.0,224.0,4032.0,18,162.0,1.0,Friday,2023-12-30
Bingo Mad Angles,Snacks,60,21.6,6.6,534.6,81,1749.6000000000001,5.0,Saturday,2023-12-31
Spinach Bunch,Produce,253,12.6,253.0,4048.0,16,201.6,0.5,Monday,2024-01-01
White Bread,Bakery,162,14.2,92.33999999999999,6740.819999999999,73,1036.6,4.0,Tuesday,2024-01-02
Chicken Breast 500g,Meat,100,2.8,100.0,4600.0,46,128.79999999999998,7.0,Wednesday,2024-01-03
Spinach Bunch,Produce,268,4.9,268.0,2948.0,11,53.900000000000006,0.5,Wednesday,2024-01-04
Tomato 1kg,Produce,204,9.7,204.0,15912.0,78,756.5999999999999,0.5,Tuesday,2024-01-05
Spinach Bunch,Produce,268,4.9,268.0,17956.0,67,328.3,0.5,Wednesday,2024-01-06
Kurkure Masala,Snacks,59,12.2,59.0,5192.0,88,1073.6,0.5,Tuesday,2024-01-07
Mutton Mince 250g,Meat,265,1.7,265.0,17755.0,67,113.89999999999999,0.5,Friday,2024-01-08
Spinach Bunch,Produce,115,22.4,115.0,11270.0,98,2195.2,0.5,Monday,2024-01-09
Fish Fillet 300g,Meat,228,20.6,228.0,2280.0,10,206.0,0.5,Sunday,2024-01-10
Mutton Mince 250g,Meat,295,24.6,141.6,6513.599999999999,46,1131.6000000000001,5.0,Wednesday,2024-01-11
Lays Chips 100g,Snacks,232,9.7,222.72,3786.24,17,164.89999999999998,5.0,Tuesday,2024-01-12
Nestlé Yogurt 150g,Dairy,201,20.1,201.0,11859.0,59,1185.9,0.5,Friday,2024-01-13
Spinach Bunch,Produce,145,15.8,145.0,14355.0,99,1564.2,0.5,Saturday,2024-01-14
Spinach Bunch,Produce,268,4.9,268.0,13132.0,49,240.10000000000002,0.5,Monday,2024-01-15
Spinach Bunch,Produce,115,22.4,115.0,1495.0,13,291.2,0.5,Friday,2024-01-16
Mother Dairy Butter 100g,Dairy,220,13.7,220.0,10340.0,47,643.9,0.5,Monday,2024-01-17
Bingo Mad Angles,Snacks,63,14.9,13.229999999999999,979.0199999999999,74,1102.6000000000001,4.0,Saturday,2024-01-18
Bingo Mad Angles,Snacks,63,14.9,13.229999999999999,502.73999999999995,38,566.2,4.0,Saturday,2024-01-19
Lays Chips 100g,Snacks,165,13.4,165.0,10395.0,63,844.2,0.5,Wednesday,2024-01-20
White Bread,Bakery,261,20.0,112.23,1683.45,15,300.0,6.0,Tuesday,2024-01-21
Fish Fillet 300g,Meat,40,12.5,40.0,1200.0,30,375.0,0.5,Wednesday,2024-01-22
Fish Fillet 300g,Meat,40,12.5,40.0,2400.0,60,750.0,0.5,Wednesday,2024-01-23
Nestlé Yogurt 150g,Dairy,217,2.8,217.0,3689.0,17,47.599999999999994,0.5,Sunday,2024-01-24
Mutton Mince 250g,Meat,295,24.6,141.6,12744.0,90,2214.0,5.0,Friday,2024-01-25
Mutton Mince 250g,Meat,96,22.0,27.839999999999996,863.0399999999998,31,682.0,3.0,Friday,2024-01-26
Mutton Mince 250g,Meat,96,22.0,27.839999999999996,779.5199999999999,28,616.0,3.0,Monday,2024-01-27
Fish Fillet 300g,Meat,206,17.1,206.0,7004.0,34,581.4000000000001,1.0,Monday,2024-01-28
Mutton Mince 250g,Meat,265,1.7,265.0,20935.0,79,134.29999999999998,0.5,Wednesday,2024-01-29
White Bread,Bakery,261,20.0,112.23,9764.01,87,1740.0,6.0,Sunday,2024-01-30
Spinach Bunch,Produce,268,4.9,268.0,25728.0,96,470.40000000000003,0.5,Friday,2024-01-31
Kurkure Masala,Snacks,224,3.6,224.0,10304.0,46,165.6,8.0,Monday,2024-02-01
Bingo Mad Angles,Snacks,26,13.7,19.76,1936.4800000000002,98,1342.6,0.5,Monday,2024-02-02
Spinach Bunch,Produce,268,4.9,268.0,9916.0,37,181.3,0.5,Wednesday,2024-02-03
Banana 6pcs,Produce,154,5.6,154.0,8162.0,53,296.79999999999995,0.5,Sunday,2024-02-04
Spinach Bunch,Produce,115,22.4,115.0,4025.0,35,784.0,0.5,Thursday,2024-02-05
Brown Bun Pack,Bakery,247,10.0,244.53,21763.170000000002,89,890.0,5.0,Wednesday,2024-02-06
Tomato 1kg,Produce,204,9.7,204.0,12852.0,63,611.0999999999999,0.5,Saturday,2024-02-07
Bingo Mad Angles,Snacks,60,21.6,6.6,640.1999999999999,97,2095.2000000000003,5.0,Sunday,2024-02-08
Brown Bun Pack,Bakery,42,24.3,28.979999999999997,2521.2599999999998,87,2114.1,0.5,Wednesday,2024-02-09
Spinach Bunch,Produce,145,15.8,145.0,13485.0,93,1469.4,0.5,Sunday,2024-02-10
Amul Milk 500ml,Dairy,11,14.1,3.41,150.04000000000002,44,620.4,0.5,Tuesday,2024-02-11
Kurkure Masala,Snacks,224,3.6,224.0,10752.0,48,172.8,8.0,Monday,2024-02-12
White Bread,Bakery,261,20.0,112.23,3591.36,32,640.0,6.0,Saturday,2024-02-13
Multigrain Cookies,Bakery,60,10.4,34.8,1983.6,57,592.8000000000001,2.0,Monday,2024-02-14
Lays Chips 100g,Snacks,165,13.4,165.0,8415.0,51,683.4,0.5,Monday,2024-02-15
Nestlé Yogurt 150g,Dairy,262,2.0,262.0,19650.0,75,150.0,0.5,Thursday,2024-02-16
Bingo Mad Angles,Snacks,60,21.6,6.6,112.19999999999999,17,367.20000000000005,5.0,Friday,2024-02-17
White Bread,Bakery,162,14.2,92.33999999999999,2954.8799999999997,32,454.4,4.0,Tuesday,2024-02-18
Brown Bun Pack,Bakery,39,10.3,14.82,1348.6200000000001,91,937.3000000000001,2.0,Saturday,2024-02-19
Lays Chips 100g,Snacks,116,7.0,116.0,7772.0,67,469.0,0.5,Thursday,2024-02-20
Multigrain Cookies,Bakery,60,10.4,34.8,348.0,10,104.0,2.0,Tuesday,2024-02-21
Brown Bun Pack,Bakery,42,24.3,28.979999999999997,956.3399999999999,33,801.9,0.5,Monday,2024-02-22
Lays Chips 100g,Snacks,165,13.4,165.0,14685.0,89,1192.6000000000001,0.5,Saturday,2024-02-23
Chicken Breast 500g,Meat,263,14.3,263.0,9205.0,35,500.5,0.5,Tuesday,2024-02-24
Bingo Mad Angles,Snacks,60,21.6,6.6,316.79999999999995,48,1036.8000000000002,5.0,Friday,2024-02-25
Spinach Bunch,Produce,268,4.9,268.0,9112.0,34,166.60000000000002,0.5,Saturday,2024-02-26
Mutton Mince 250g,Meat,265,1.7,265.0,11395.0,43,73.1,0.5,Friday,2024-02-27
Amul Milk 500ml,Dairy,185,8.9,185.0,4255.0,23,204.70000000000002,0.5,Saturday,2024-02-28
Kurkure Masala,Snacks,283,12.9,283.0,14716.0,52,670.8000000000001,0.5,Tuesday,2024-02-29
Spinach Bunch,Produce,268,4.9,268.0,4020.0,15,73.5,0.5,Wednesday,2024-03-01
Nestlé Yogurt 150g,Dairy,201,20.1,201.0,18291.0,91,1829.1000000000001,0.5,Wednesday,2024-03-02
Nestlé Yogurt 150g,Dairy,267,21.8,267.0,7209.0,27,588.6,0.5,Monday,2024-03-03
Chicken Breast 500g,Meat,47,10.3,47.0,3290.0,70,721.0,0.5,Friday,2024-03-04
Bingo Mad Angles,Snacks,289,13.2,141.60999999999999,10337.529999999999,73,963.5999999999999,9.0,Friday,2024-03-05
Chicken Breast 500g,Meat,263,14.3,263.0,25248.0,96,1372.8000000000002,0.5,Wednesday,2024-03-06
Nestlé Yogurt 150g,Dairy,201,20.1,201.0,6030.0,30,603.0,0.5,Monday,2024-03-07
Fish Fillet 300g,Meat,37,4.2,37.0,1887.0,51,214.20000000000002,0.5,Thursday,2024-03-08
Lays Chips 100g,Snacks,165,13.4,165.0,5445.0,33,442.2,0.5,Thursday,2024-03-09
Lays Chips 100g,Snacks,116,7.0,116.0,5452.0,47,329.0,0.5,Wednesday,2024-03-10
Mother Dairy Butter 100g,Dairy,38,12.7,38.0,3344.0,88,1117.6,0.5,Saturday,2024-03-11
Amul Milk 500ml,Dairy,185,8.9,185.0,12580.0,68,605.2,0.5,Monday,2024-03-12
Bingo Mad Angles,Snacks,26,13.7,19.76,1837.68,93,1274.1,0.5,Friday,2024-03-13
Bingo Mad Angles,Snacks,63,14.9,13.229999999999999,1283.31,97,1445.3,4.0,Sunday,2024-03-14
Kurkure Masala,Snacks,283,12.9,283.0,20942.0,74,954.6,0.5,Wednesday,2024-03-15
Multigrain Cookies,Bakery,224,9.0,224.0,8288.0,37,333.0,1.0,Monday,2024-03-16
Mutton Mince 250g,Meat,96,22.0,27.839999999999996,2561.2799999999997,92,2024.0,3.0,Friday,2024-03-17
Bingo Mad Angles,Snacks,289,13.2,141.60999999999999,5097.959999999999,36,475.2,9.0,Sunday,2024-03-18
Multigrain Cookies,Bakery,224,9.0,224.0,4032.0,18,162.0,1.0,Tuesday,2024-03-19
Brown Bun Pack,Bakery,222,23.4,222.0,18648.0,84,1965.6,0.5,Wednesday,2024-03-20
Spinach Bunch,Produce,145,15.8,145.0,9425.0,65,1027.0,0.5,Saturday,2024-03-21
Fish Fillet 300g,Meat,37,4.2,37.0,1813.0,49,205.8,0.5,Friday,2024-03-22
Spinach Bunch,Produce,268,4.9,268.0,23048.0,86,421.40000000000003,0.5,Friday,2024-03-23
Amul Milk 500ml,Dairy,12,4.6,3.12,168.48000000000002,54,248.39999999999998,2.0,Saturday,2024-03-24
Mutton Mince 250g,Meat,271,8.9,271.0,26829.0,99,881.1,6.0,Sunday,2024-03-25
Spinach Bunch,Produce,115,22.4,115.0,10695.0,93,2083.2,0.5,Wednesday,2024-03-26
Kurkure Masala,Snacks,148,0.6,148.0,2960.0,20,12.0,0.5,Thursday,2024-03-27
Multigrain Cookies,Bakery,60,10.4,34.8,487.19999999999993,14,145.6,2.0,Sunday,2024-03-28
Bingo Mad Angles,Snacks,289,13.2,141.60999999999999,9204.65,65,858.0,9.0,Monday,2024-03-29
Brown Bun Pack,Bakery,222,23.4,222.0,2220.0,10,234.0,0.5,Thursday,2024-03-30
Bingo Mad Angles,Snacks,60,21.6,6.6,448.79999999999995,68,1468.8000000000002,5.0,Thursday,2024-03-31
Mother Dairy Butter 100g,Dairy,38,12.7,38.0,1406.0,37,469.9,0.5,Sunday,2024-04-01
Chicken Breast 500g,Meat,47,10.3,47.0,1081.0,23,236.9,0.5,Saturday,2024-04-02
Lays Chips 100g,Snacks,116,7.0,116.0,10904.0,94,658.0,0.5,Sunday,2024-04-03
Lays Chips 100g,Snacks,144,13.6,144.0,9072.0,63,856.8,0.5,Sunday,2024-04-04
Lays Chips 100g,Snacks,232,9.7,222.72,8017.92,36,349.2,5.0,Monday,2024-04-05
Chicken Breast 500g,Meat,100,2.8,100.0,2700.0,27,75.6,7.0,Thursday,2024-04-06
Nestlé Yogurt 150g,Dairy,217,2.8,217.0,16492.0,76,212.79999999999998,0.5,Tuesday,2024-04-07
Fish Fillet 300g,Meat,228,20.6,228.0,6612.0,29,597.4000000000001,0.5,Sunday,2024-04-08
Bingo Mad Angles,Snacks,92,12.1,92.0,7544.0,82,992.1999999999999,0.5,Wednesday,2024-04-09
Mutton Mince 250g,Meat,295,24.6,141.6,6513.599999999999,46,1131.6000000000001,5.0,Tuesday,2024-04-10
Lays Chips 100g,Snacks,165,13.4,165.0,15840.0,96,1286.4,0.5,Wednesday,2024-04-11
Spinach Bunch,Produce,253,12.6,253.0,6578.0,26,327.59999999999997,0.5,Tuesday,2024-04-12
Kurkure Masala,Snacks,59,12.2,59.0,1593.0,27,329.4,0.5,Monday,2024-04-13
Mother Dairy Butter 100g,Dairy,220,13.7,220.0,16720.0,76,1041.2,0.5,Tuesday,2024-04-14
Kurkure Masala,Snacks,283,12.9,283.0,27168.0,96,1238.4,0.5,Wednesday,2024-04-15
Brown Bun Pack,Bakery,90,22.4,7.2,468.0,65,1456.0,10.0,Wednesday,2024-04-16
Kurkure Masala,Snacks,224,3.6,224.0,6944.0,31,111.60000000000001,8.0,Sunday,2024-04-17
Fish Fillet 300g,Meat,206,17.1,206.0,3708.0,18,307.8,1.0,Wednesday,2024-04-18
Multigrain Cookies,Bakery,224,9.0,224.0,10080.0,45,405.0,1.0,Sunday,2024-04-19
Amul Milk 500ml,Dairy,185,8.9,185.0,4995.0,27,240.3,0.5,Wednesday,2024-04-20
Kurkure Masala,Snacks,283,12.9,283.0,19244.0,68,877.2,0.5,Tuesday,2024-04-21
Bingo Mad Angles,Snacks,63,14.9,13.229999999999999,939.3299999999999,71,1057.9,4.0,Thursday,2024-04-22
Chicken Breast 500g,Meat,47,10.3,47.0,2115.0,45,463.50000000000006,0.5,Saturday,2024-04-23
Bingo Mad Angles,Snacks,63,14.9,13.229999999999999,145.52999999999997,11,163.9,4.0,Saturday,2024-04-24
Bingo Mad Angles,Snacks,63,14.9,13.229999999999999,608.5799999999999,46,685.4,4.0,Saturday,2024-04-25
Brown Bun Pack,Bakery,42,24.3,28.979999999999997,956.3399999999999,33,801.9,0.5,Tuesday,2024-04-26
Bingo Mad Angles,Snacks,289,13.2,141.60999999999999,13594.559999999998,96,1267.1999999999998,9.0,Saturday,2024-04-27
Nestlé Yogurt 150g,Dairy,262,2.0,262.0,22532.0,86,172.0,0.5,Wednesday,2024-04-28
Brown Bun Pack,Bakery,90,22.4,7.2,266.40000000000003,37,828.8,10.0,Wednesday,2024-04-29
Mutton Mince 250g,Meat,271,8.9,271.0,15718.0,58,516.2,6.0,Sunday,2024-04-30
Brown Bun Pack,Bakery,39,10.3,14.82,489.06,33,339.90000000000003,2.0,Tuesday,2024-05-01
Spinach Bunch,Produce,268,4.9,268.0,8576.0,32,156.8,0.5,Monday,2024-05-02
Mutton Mince 250g,Meat,295,24.6,141.6,2407.2,17,418.20000000000005,5.0,Tuesday,2024-05-03
Amul Milk 500ml,Dairy,11,14.1,3.41,64.79,19,267.9,0.5,Monday,2024-05-04
Amul Milk 500ml,Dairy,11,14.1,3.41,187.55,55,775.5,0.5,Monday,2024-05-05
Banana 6pcs,Produce,154,5.6,154.0,3696.0,24,134.39999999999998,0.5,Monday,2024-05-06
Kurkure Masala,Snacks,148,0.6,148.0,3404.0,23,13.799999999999999,0.5,Monday,2024-05-07
Tomato 1kg,Produce,204,9.7,204.0,18564.0,91,882.6999999999999,0.5,Monday,2024-05-08
Nestlé Yogurt 150g,Dairy,262,2.0,262.0,9694.0,37,74.0,0.5,Thursday,2024-05-09
Nestlé Yogurt 150g,Dairy,217,2.8,217.0,14105.0,65,182.0,0.5,Saturday,2024-05-10
Amul Milk 500ml,Dairy,185,8.9,185.0,17020.0,92,818.8000000000001,0.5,Sunday,2024-05-11
White Bread,Bakery,261,20.0,112.23,8978.4,80,1600.0,6.0,Saturday,2024-05-12
Bingo Mad Angles,Snacks,26,13.7,19.76,652.08,33,452.09999999999997,0.5,Monday,2024-05-13
Bingo Mad Angles,Snacks,60,21.6,6.6,468.59999999999997,71,1533.6000000000001,5.0,Friday,2024-05-14
Fish Fillet 300g,Meat,37,4.2,37.0,2257.0,61,256.2,0.5,Monday,2024-05-15
Spinach Bunch,Produce,253,12.6,253.0,16951.0,67,844.1999999999999,0.5,Tuesday,2024-05-16
Lays Chips 100g,Snacks,144,13.6,144.0,2592.0,18,244.79999999999998,0.5,Thursday,2024-05-17
Mother Dairy Butter 100g,Dairy,38,12.7,38.0,3686.0,97,1231.8999999999999,0.5,Monday,2024-05-18
Bingo Mad Angles,Snacks,289,13.2,141.60999999999999,12461.679999999998,88,1161.6,9.0,Sunday,2024-05-19
White Bread,Bakery,261,20.0,112.23,9090.630000000001,81,1620.0,6.0,Friday,2024-05-20
Brown Bun Pack,Bakery,247,10.0,244.53,6113.25,25,250.0,5.0,Tuesday,2024-05-21
Spinach Bunch,Produce,145,15.8,145.0,6815.0,47,742.6,0.5,Saturday,2024-05-22
Brown Bun Pack,Bakery,247,10.0,244.53,2689.83,11,110.0,5.0,Friday,2024-05-23
Kurkure Masala,Snacks,224,3.6,224.0,13888.0,62,223.20000000000002,8.0,Wednesday,2024-05-24
Brown Bun Pack,Bakery,222,23.4,222.0,5106.0,23,538.1999999999999,0.5,Saturday,2024-05-25
Brown Bun Pack,Bakery,39,10.3,14.82,770.64,52,535.6,2.0,Thursday,2024-05-26
Brown Bun Pack,Bakery,222,23.4,222.0,13320.0,60,1404.0,0.5,Friday,2024-05-27
Kurkure Masala,Snacks,283,12.9,283.0,13018.0,46,593.4,0.5,Thursday,2024-05-28
Amul Milk 500ml,Dairy,12,4.6,3.12,299.52,96,441.59999999999997,2.0,Monday,2024-05-29
Mother Dairy Butter 100g,Dairy,220,13.7,220.0,21120.0,96,1315.1999999999998,0.5,Wednesday,2024-05-30
Bingo Mad Angles,Snacks,92,12.1,92.0,8280.0,90,1089.0,0.5,Friday,2024-05-31
Bingo Mad Angles,Snacks,92,12.1,92.0,4968.0,54,653.4,0.5,Thursday,2024-06-01
Bingo Mad Angles,Snacks,26,13.7,19.76,1185.6000000000001,60,822.0,0.5,Monday,2024-06-02
Fish Fillet 300g,Meat,206,17.1,206.0,14420.0,70,1197.0,1.0,Wednesday,2024-06-03
Amul Milk 500ml,Dairy,185,8.9,185.0,8510.0,46,409.40000000000003,0.5,Sunday,2024-06-04
Spinach Bunch,Produce,115,22.4,115.0,2760.0,24,537.5999999999999,0.5,Thursday,2024-06-05
Chicken Breast 500g,Meat,47,10.3,47.0,3243.0,69,710.7,0.5,Tuesday,2024-06-06
Fish Fillet 300g,Meat,37,4.2,37.0,518.0,14,58.800000000000004,0.5,Monday,2024-06-07
Nestlé Yogurt 150g,Dairy,217,2.8,217.0,13671.0,63,176.39999999999998,0.5,Thursday,2024-06-08
Bingo Mad Angles,Snacks,92,12.1,92.0,1288.0,14,169.4,0.5,Sunday,2024-06-09
Spinach Bunch,Produce,253,12.6,253.0,11132.0,44,554.4,0.5,Wednesday,2024-06-10
Kurkure Masala,Snacks,148,0.6,148.0,10212.0,69,41.4,0.5,Monday,2024-06-11
Banana 6pcs,Produce,154,5.6,154.0,9086.0,59,330.4,0.5,Thursday,2024-06-12
Bingo Mad Angles,Snacks,63,14.9,13.229999999999999,489.50999999999993,37,551.3000000000001,4.0,Wednesday,2024-06-13
Multigrain Cookies,Bakery,60,10.4,34.8,1148.3999999999999,33,343.2,2.0,Friday,2024-06-14
Nestlé Yogurt 150g,Dairy,201,20.1,201.0,6030.0,30,603.0,0.5,Sunday,2024-06-15
Mother Dairy Butter 100g,Dairy,220,13.7,220.0,17160.0,78,1068.6,0.5,Sunday,2024-06-16
Brown Bun Pack,Bakery,222,23.4,222.0,7326.0,33,772.1999999999999,0.5,Monday,2024-06-17
Spinach Bunch,Produce,253,12.6,253.0,12650.0,50,630.0,0.5,Monday,2024-06-18
Brown Bun Pack,Bakery,39,10.3,14.82,577.98,39,401.70000000000005,2.0,Tuesday,2024-06-19
Bingo Mad Angles,Snacks,63,14.9,13.229999999999999,436.59,33,491.7,4.0,Monday,2024-06-20
Multigrain Cookies,Bakery,60,10.4,34.8,1461.6,42,436.8,2.0,Monday,2024-06-21
Kurkure Masala,Snacks,59,12.2,59.0,4720.0,80,976.0,0.5,Friday,2024-06-22
Kurkure Masala,Snacks,224,3.6,224.0,20160.0,90,324.0,8.0,Wednesday,2024-06-23
Banana 6pcs,Produce,154,5.6,154.0,5852.0,38,212.79999999999998,0.5,Thursday,2024-06-24
Bingo Mad Angles,Snacks,26,13.7,19.76,296.40000000000003,15,205.5,0.5,Thursday,2024-06-25
Brown Bun Pack,Bakery,42,24.3,28.979999999999997,1304.1,45,1093.5,0.5,Friday,2024-06-26
White Bread,Bakery,261,20.0,112.23,3591.36,32,640.0,6.0,Monday,2024-06-27
Lays Chips 100g,Snacks,165,13.4,165.0,5610.0,34,455.6,0.5,Friday,2024-06-28
Banana 6pcs,Produce,154,5.6,154.0,7854.0,51,285.59999999999997,0.5,Tuesday,2024-06-29
Mother Dairy Butter 100g,Dairy,220,13.7,220.0,19580.0,89,1219.3,0.5,Friday,2024-06-30
Spinach Bunch,Produce,253,12.6,253.0,22517.0,89,1121.3999999999999,0.5,Saturday,2024-07-01
Brown Bun Pack,Bakery,222,23.4,222.0,19536.0,88,2059.2,0.5,Friday,2024-07-02
Brown Bun Pack,Bakery,222,23.4,222.0,12432.0,56,1310.3999999999999,0.5,Saturday,2024-07-03
Spinach Bunch,Produce,115,22.4,115.0,10810.0,94,2105.6,0.5,Sunday,2024-07-04
Mutton Mince 250g,Meat,265,1.7,265.0,16695.0,63,107.1,0.5,Friday,2024-07-05
Kurkure Masala,Snacks,148,0.6,148.0,9176.0,62,37.199999999999996,0.5,Sunday,2024-07-06
Chicken Breast 500g,Meat,100,2.8,100.0,2800.0,28,78.39999999999999,7.0,Tuesday,2024-07-07
Spinach Bunch,Produce,268,4.9,268.0,25728.0,96,470.40000000000003,0.5,Tuesday,2024-07-08
White Bread,Bakery,261,20.0,112.23,6621.570000000001,59,1180.0,6.0,Wednesday,2024-07-09
Brown Bun Pack,Bakery,39,10.3,14.82,429.78000000000003,29,298.70000000000005,2.0,Tuesday,2024-07-10
Kurkure Masala,Snacks,283,12.9,283.0,15565.0,55,709.5,0.5,Wednesday,2024-07-11
Chicken Breast 500g,Meat,260,13.0,148.2,5187.0,35,455.0,7.0,Saturday,2024-07-12
Banana 6pcs,Produce,154,5.6,154.0,14784.0,96,537.5999999999999,0.5,Tuesday,2024-07-13
Chicken Breast 500g,Meat,100,2.8,100.0,7700.0,77,215.6,7.0,Saturday,2024-07-14
Fish Fillet 300g,Meat,206,17.1,206.0,12360.0,60,1026.0,1.0,Monday,2024-07-15
Chicken Breast 500g,Meat,263,14.3,263.0,7627.0,29,414.70000000000005,0.5,Tuesday,2024-07-16
Chicken Breast 500g,Meat,260,13.0,148.2,6668.999999999999,45,585.0,7.0,Wednesday,2024-07-17
Brown Bun Pack,Bakery,247,10.0,244.53,13204.62,54,540.0,5.0,Friday,2024-07-18
Amul Milk 500ml,Dairy,185,8.9,185.0,6105.0,33,293.7,0.5,Sunday,2024-07-19
Bingo Mad Angles,Snacks,92,12.1,92.0,920.0,10,121.0,0.5,Sunday,2024-07-20
Banana 6pcs,Produce,154,5.6,154.0,2002.0,13,72.8,0.5,Sunday,2024-07-21
Nestlé Yogurt 150g,Dairy,217,2.8,217.0,16709.0,77,215.6,0.5,Tuesday,2024-07-22
Tomato 1kg,Produce,204,9.7,204.0,8976.0,44,426.79999999999995,0.5,Saturday,2024-07-23
Spinach Bunch,Produce,253,12.6,253.0,15686.0,62,781.1999999999999,0.5,Friday,2024-07-24
Lays Chips 100g,Snacks,116,7.0,116.0,5452.0,47,329.0,0.5,Tuesday,2024-07-25
Spinach Bunch,Produce,253,12.6,253.0,22264.0,88,1108.8,0.5,Wednesday,2024-07-26
Multigrain Cookies,Bakery,224,9.0,224.0,16352.0,73,657.0,1.0,Monday,2024-07-27
Brown Bun Pack,Bakery,42,24.3,28.979999999999997,2231.4599999999996,77,1871.1000000000001,0.5,Wednesday,2024-07-28
Kurkure Masala,Snacks,224,3.6,224.0,16576.0,74,266.40000000000003,8.0,Thursday,2024-07-29
Amul Milk 500ml,Dairy,185,8.9,185.0,11840.0,64,569.6,0.5,Saturday,2024-07-30
Mutton Mince 250g,Meat,96,22.0,27.839999999999996,1503.36,54,1188.0,3.0,Saturday,2024-07-31
Fish Fillet 300g,Meat,228,20.6,228.0,12540.0,55,1133.0,0.5,Wednesday,2024-08-01
Lays Chips 100g,Snacks,116,7.0,116.0,3132.0,27,189.0,0.5,Monday,2024-08-02
Mother Dairy Butter 100g,Dairy,220,13.7,220.0,2640.0,12,164.39999999999998,0.5,Wednesday,2024-08-03
Mother Dairy Butter 100g,Dairy,38,12.7,38.0,2812.0,74,939.8,0.5,Sunday,2024-08-04
Bingo Mad Angles,Snacks,60,21.6,6.6,85.8,13,280.8,5.0,Tuesday,2024-08-05
Spinach Bunch,Produce,268,4.9,268.0,6432.0,24,117.60000000000001,0.5,Friday,2024-08-06
Spinach Bunch,Produce,268,4.9,268.0,24388.0,91,445.90000000000003,0.5,Tuesday,2024-08-07
Mutton Mince 250g,Meat,271,8.9,271.0,15989.0,59,525.1,6.0,Tuesday,2024-08-08
Brown Bun Pack,Bakery,39,10.3,14.82,918.84,62,638.6,2.0,Wednesday,2024-08-09
Mother Dairy Butter 100g,Dairy,220,13.7,220.0,15400.0,70,959.0,0.5,Tuesday,2024-08-10
Nestlé Yogurt 150g,Dairy,201,20.1,201.0,14271.0,71,1427.1000000000001,0.5,Monday,2024-08-11
Bingo Mad Angles,Snacks,92,12.1,92.0,1196.0,13,157.29999999999998,0.5,Saturday,2024-08-12
Spinach Bunch,Produce,268,4.9,268.0,10184.0,38,186.20000000000002,0.5,Friday,2024-08-13
Fish Fillet 300g,Meat,37,4.2,37.0,2664.0,72,302.40000000000003,0.5,Thursday,2024-08-14
Chicken Breast 500g,Meat,260,13.0,148.2,7706.4,52,676.0,7.0,Sunday,2024-08-15
Mutton Mince 250g,Meat,271,8.9,271.0,23306.0,86,765.4,6.0,Tuesday,2024-08-16
Amul Milk 500ml,Dairy,11,14.1,3.41,95.48,28,394.8,0.5,Tuesday,2024-08-17
Multigrain Cookies,Bakery,60,10.4,34.8,3166.7999999999997,91,946.4,2.0,Sunday,2024-08-18
Lays Chips 100g,Snacks,144,13.6,144.0,3744.0,26,353.59999999999997,0.5,Tuesday,2024-08-19
Mother Dairy Butter 100g,Dairy,220,13.7,220.0,4180.0,19,260.3,0.5,Saturday,2024-08-20
Chicken Breast 500g,Meat,263,14.3,263.0,24196.0,92,1315.6000000000001,0.5,Sunday,2024-08-21
Lays Chips 100g,Snacks,165,13.4,165.0,4950.0,30,402.0,0.5,Saturday,2024-08-22
Multigrain Cookies,Bakery,224,9.0,224.0,15680.0,70,630.0,1.0,Thursday,2024-08-23
Mother Dairy Butter 100g,Dairy,38,12.7,38.0,3572.0,94,1193.8,0.5,Tuesday,2024-08-24
Bingo Mad Angles,Snacks,60,21.6,6.6,613.8,93,2008.8000000000002,5.0,Monday,2024-08-25
Kurkure Masala,Snacks,283,12.9,283.0,13301.0,47,606.3000000000001,0.5,Tuesday,2024-08-26
Spinach Bunch,Produce,145,15.8,145.0,13920.0,96,1516.8000000000002,0.5,Friday,2024-08-27
Brown Bun Pack,Bakery,222,23.4,222.0,7326.0,33,772.1999999999999,0.5,Thursday,2024-08-28
Mutton Mince 250g,Meat,295,24.6,141.6,10336.8,73,1795.8000000000002,5.0,Saturday,2024-08-29
Multigrain Cookies,Bakery,60,10.4,34.8,382.79999999999995,11,114.4,2.0,Friday,2024-08-30
Brown Bun Pack,Bakery,222,23.4,222.0,6216.0,28,655.1999999999999,0.5,Sunday,2024-08-31
Chicken Breast 500g,Meat,260,13.0,148.2,12745.199999999999,86,1118.0,7.0,Tuesday,2024-09-01
Brown Bun Pack,Bakery,222,23.4,222.0,12654.0,57,1333.8,0.5,Saturday,2024-09-02
Fish Fillet 300g,Meat,206,17.1,206.0,7004.0,34,581.4000000000001,1.0,Sunday,2024-09-03
White Bread,Bakery,162,14.2,92.33999999999999,8772.3,95,1349.0,4.0,Sunday,2024-09-04
Lays Chips 100g,Snacks,232,9.7,222.72,17817.6,80,776.0,5.0,Wednesday,2024-09-05
Tomato 1kg,Produce,204,9.7,204.0,8976.0,44,426.79999999999995,0.5,Monday,2024-09-06
Mother Dairy Butter 100g,Dairy,38,12.7,38.0,1976.0,52,660.4,0.5,Thursday,2024-09-07
Nestlé Yogurt 150g,Dairy,217,2.8,217.0,10850.0,50,140.0,0.5,Friday,2024-09-08
Brown Bun Pack,Bakery,32,21.3,19.2,537.6,28,596.4,0.5,Sunday,2024-09-09
Multigrain Cookies,Bakery,60,10.4,34.8,765.5999999999999,22,228.8,2.0,Tuesday,2024-09-10
Chicken Breast 500g,Meat,100,2.8,100.0,2100.0,21,58.8,7.0,Sunday,2024-09-11
Chicken Breast 500g,Meat,47,10.3,47.0,3337.0,71,731.3000000000001,0.5,Wednesday,2024-09-12
Mutton Mince 250g,Meat,265,1.7,265.0,23585.0,89,151.29999999999998,0.5,Thursday,2024-09-13
Chicken Breast 500g,Meat,100,2.8,100.0,3200.0,32,89.6,7.0,Thursday,2024-09-14
Chicken Breast 500g,Meat,260,13.0,148.2,14523.599999999999,98,1274.0,7.0,Sunday,2024-09-15
Brown Bun Pack,Bakery,39,10.3,14.82,400.14,27,278.1,2.0,Sunday,2024-09-16
Amul Milk 500ml,Dairy,12,4.6,3.12,93.60000000000001,30,138.0,2.0,Saturday,2024-09-17
Lays Chips 100g,Snacks,116,7.0,116.0,2088.0,18,126.0,0.5,Friday,2024-09-18
Bingo Mad Angles,Snacks,60,21.6,6.6,290.4,44,950.4000000000001,5.0,Sunday,2024-09-19
Brown Bun Pack,Bakery,42,24.3,28.979999999999997,695.52,24,583.2,0.5,Tuesday,2024-09-20
Bingo Mad Angles,Snacks,60,21.6,6.6,462.0,70,1512.0,5.0,Thursday,2024-09-21
Spinach Bunch,Produce,115,22.4,115.0,5405.0,47,1052.8,0.5,Monday,2024-09-22
Chicken Breast 500g,Meat,100,2.8,100.0,6900.0,69,193.2,7.0,Thursday,2024-09-23
Nestlé Yogurt 150g,Dairy,267,21.8,267.0,15753.0,59,1286.2,0.5,Thursday,2024-09-24
Brown Bun Pack,Bakery,42,24.3,28.979999999999997,1535.9399999999998,53,1287.9,0.5,Monday,2024-09-25
Kurkure Masala,Snacks,148,0.6,148.0,9472.0,64,38.4,0.5,Thursday,2024-09-26
Amul Milk 500ml,Dairy,185,8.9,185.0,8510.0,46,409.40000000000003,0.5,Friday,2024-09-27
Lays Chips 100g,Snacks,116,7.0,116.0,9860.0,85,595.0,0.5,Friday,2024-09-28
Kurkure Masala,Snacks,283,12.9,283.0,24055.0,85,1096.5,0.5,Sunday,2024-09-29
Amul Milk 500ml,Dairy,185,8.9,185.0,16280.0,88,783.2,0.5,Monday,2024-09-30
Brown Bun Pack,Bakery,39,10.3,14.82,874.38,59,607.7,2.0,Friday,2024-10-01
Mother Dairy Butter 100g,Dairy,220,13.7,220.0,14520.0,66,904.1999999999999,0.5,Friday,2024-10-02
Brown Bun Pack,Bakery,42,24.3,28.979999999999997,2550.24,88,2138.4,0.5,Thursday,2024-10-03
Lays Chips 100g,Snacks,144,13.6,144.0,3600.0,25,340.0,0.5,Tuesday,2024-10-04
Kurkure Masala,Snacks,283,12.9,283.0,19244.0,68,877.2,0.5,Wednesday,2024-10-05
Chicken Breast 500g,Meat,47,10.3,47.0,1739.0,37,381.1,0.5,Monday,2024-10-06
Bingo Mad Angles,Snacks,60,21.6,6.6,349.79999999999995,53,1144.8000000000002,5.0,Friday,2024-10-07
White Bread,Bakery,162,14.2,92.33999999999999,923.3999999999999,10,142.0,4.0,Tuesday,2024-10-08
White Bread,Bakery,261,20.0,112.23,8978.4,80,1600.0,6.0,Friday,2024-10-09
Spinach Bunch,Produce,145,15.8,145.0,3480.0,24,379.20000000000005,0.5,Wednesday,2024-10-10
Brown Bun Pack,Bakery,42,24.3,28.979999999999997,2521.2599999999998,87,2114.1,0.5,Sunday,2024-10-11
Fish Fillet 300g,Meat,228,20.6,228.0,2964.0,13,267.8,0.5,Saturday,2024-10-12
Spinach Bunch,Produce,115,22.4,115.0,2760.0,24,537.5999999999999,0.5,Tuesday,2024-10-13
Chicken Breast 500g,Meat,47,10.3,47.0,3055.0,65,669.5,0.5,Monday,2024-10-14
Bingo Mad Angles,Snacks,63,14.9,13.229999999999999,912.8699999999999,69,1028.1000000000001,4.0,Wednesday,2024-10-15
Lays Chips 100g,Snacks,144,13.6,144.0,2592.0,18,244.79999999999998,0.5,Sunday,2024-10-16
Brown Bun Pack,Bakery,247,10.0,244.53,7091.37,29,290.0,5.0,Saturday,2024-10-17
Brown Bun Pack,Bakery,42,24.3,28.979999999999997,1506.9599999999998,52,1263.6000000000001,0.5,Tuesday,2024-10-18
Chicken Breast 500g,Meat,100,2.8,100.0,5700.0,57,159.6,7.0,Monday,2024-10-19
Mother Dairy Butter 100g,Dairy,220,13.7,220.0,15840.0,72,986.4,0.5,Friday,2024-10-20
White Bread,Bakery,162,14.2,92.33999999999999,2308.4999999999995,25,355.0,4.0,Tuesday,2024-10-21
Brown Bun Pack,Bakery,247,10.0,244.53,7091.37,29,290.0,5.0,Monday,2024-10-22
Mother Dairy Butter 100g,Dairy,220,13.7,220.0,14520.0,66,904.1999999999999,0.5,Wednesday,2024-10-23
Amul Milk 500ml,Dairy,12,4.6,3.12,99.84,32,147.2,2.0,Friday,2024-10-24
Lays Chips 100g,Snacks,232,9.7,222.72,10467.84,47,455.9,5.0,Thursday,2024-10-25
Kurkure Masala,Snacks,224,3.6,224.0,10528.0,47,169.20000000000002,8.0,Thursday,2024-10-26
Kurkure Masala,Snacks,59,12.2,59.0,4779.0,81,988.1999999999999,0.5,Friday,2024-10-27
Chicken Breast 500g,Meat,263,14.3,263.0,3945.0,15,214.5,0.5,Friday,2024-10-28
Brown Bun Pack,Bakery,247,10.0,244.53,10759.32,44,440.0,5.0,Wednesday,2024-10-29
Bingo Mad Angles,Snacks,26,13.7,19.76,375.44000000000005,19,260.3,0.5,Tuesday,2024-10-30
Spinach Bunch,Produce,253,12.6,253.0,24794.0,98,1234.8,0.5,Wednesday,2024-10-31
Banana 6pcs,Produce,154,5.6,154.0,9548.0,62,347.2,0.5,Monday,2024-11-01
Bingo Mad Angles,Snacks,60,21.6,6.6,514.8,78,1684.8000000000002,5.0,Thursday,2024-11-02
Mother Dairy Butter 100g,Dairy,220,13.7,220.0,16500.0,75,1027.5,0.5,Sunday,2024-11-03
Chicken Breast 500g,Meat,47,10.3,47.0,4606.0,98,1009.4000000000001,0.5,Wednesday,2024-11-04
Mutton Mince 250g,Meat,265,1.7,265.0,23320.0,88,149.6,0.5,Saturday,2024-11-05
Chicken Breast 500g,Meat,100,2.8,100.0,1600.0,16,44.8,7.0,Monday,2024-11-06
Kurkure Masala,Snacks,283,12.9,283.0,7641.0,27,348.3,0.5,Wednesday,2024-11-07
Spinach Bunch,Produce,253,12.6,253.0,11132.0,44,554.4,0.5,Saturday,2024-11-08
Kurkure Masala,Snacks,148,0.6,148.0,14356.0,97,58.199999999999996,0.5,Saturday,2024-11-09
Nestlé Yogurt 150g,Dairy,217,2.8,217.0,10850.0,50,140.0,0.5,Friday,2024-11-10
Bingo Mad Angles,Snacks,289,13.2,141.60999999999999,8213.38,58,765.5999999999999,9.0,Thursday,2024-11-11
Kurkure Masala,Snacks,148,0.6,148.0,11692.0,79,47.4,0.5,Thursday,2024-11-12
Kurkure Masala,Snacks,59,12.2,59.0,5074.0,86,1049.2,0.5,Sunday,2024-11-13
Chicken Breast 500g,Meat,263,14.3,263.0,4997.0,19,271.7,0.5,Thursday,2024-11-14
Banana 6pcs,Produce,154,5.6,154.0,4466.0,29,162.39999999999998,0.5,Thursday,2024-11-15
Bingo Mad Angles,Snacks,60,21.6,6.6,66.0,10,216.0,5.0,Saturday,2024-11-16
Kurkure Masala,Snacks,283,12.9,283.0,5660.0,20,258.0,0.5,Friday,2024-11-17
Multigrain Cookies,Bakery,60,10.4,34.8,1218.0,35,364.0,2.0,Friday,2024-11-18
Mutton Mince 250g,Meat,271,8.9,271.0,5691.0,21,186.9,6.0,Tuesday,2024-11-19
Brown Bun Pack,Bakery,32,21.3,19.2,1382.3999999999999,72,1533.6000000000001,0.5,Saturday,2024-11-20
Nestlé Yogurt 150g,Dairy,267,21.8,267.0,22428.0,84,1831.2,0.5,Monday,2024-11-21
Bingo Mad Angles,Snacks,26,13.7,19.76,948.48,48,657.5999999999999,0.5,Tuesday,2024-11-22
Mother Dairy Butter 100g,Dairy,220,13.7,220.0,11660.0,53,726.0999999999999,0.5,Friday,2024-11-23
Amul Milk 500ml,Dairy,12,4.6,3.12,193.44,62,285.2,2.0,Friday,2024-11-24
Chicken Breast 500g,Meat,260,13.0,148.2,11411.4,77,1001.0,7.0,Sunday,2024-11-25
Amul Milk 500ml,Dairy,11,14.1,3.41,323.95,95,1339.5,0.5,Sunday,2024-11-26
Spinach Bunch,Produce,145,15.8,145.0,4930.0,34,537.2,0.5,Saturday,2024-11-27
Fish Fillet 300g,Meat,40,12.5,40.0,1920.0,48,600.0,0.5,Thursday,2024-11-28
Lays Chips 100g,Snacks,232,9.7,222.72,4899.84,22,213.39999999999998,5.0,Wednesday,2024-11-29
Lays Chips 100g,Snacks,165,13.4,165.0,12705.0,77,1031.8,0.5,Saturday,2024-11-30
Lays Chips 100g,Snacks,144,13.6,144.0,11376.0,79,1074.3999999999999,0.5,Monday,2024-12-01
Fish Fillet 300g,Meat,37,4.2,37.0,3552.0,96,403.20000000000005,0.5,Friday,2024-12-02
Bingo Mad Angles,Snacks,289,13.2,141.60999999999999,8638.21,61,805.1999999999999,9.0,Thursday,2024-12-03
Amul Milk 500ml,Dairy,12,4.6,3.12,137.28,44,202.39999999999998,2.0,Thursday,2024-12-04
Mother Dairy Butter 100g,Dairy,38,12.7,38.0,2242.0,59,749.3,0.5,Monday,2024-12-05
Mutton Mince 250g,Meat,96,22.0,27.839999999999996,361.91999999999996,13,286.0,3.0,Thursday,2024-12-06
Multigrain Cookies,Bakery,224,9.0,224.0,4480.0,20,180.0,1.0,Monday,2024-12-07
Banana 6pcs,Produce,154,5.6,154.0,8932.0,58,324.79999999999995,0.5,Monday,2024-12-08
Multigrain Cookies,Bakery,60,10.4,34.8,2331.6,67,696.8000000000001,2.0,Friday,2024-12-09
Brown Bun Pack,Bakery,39,10.3,14.82,340.86,23,236.9,2.0,Sunday,2024-12-10
Fish Fillet 300g,Meat,40,12.5,40.0,1760.0,44,550.0,0.5,Wednesday,2024-12-11
Brown Bun Pack,Bakery,247,10.0,244.53,23719.41,97,970.0,5.0,Monday,2024-12-12
Mutton Mince 250g,Meat,295,24.6,141.6,5664.0,40,984.0,5.0,Monday,2024-12-13
Spinach Bunch,Produce,115,22.4,115.0,2300.0,20,448.0,0.5,Friday,2024-12-14
Nestlé Yogurt 150g,Dairy,217,2.8,217.0,19964.0,92,257.59999999999997,0.5,Saturday,2024-12-15
Bingo Mad Angles,Snacks,92,12.1,92.0,7636.0,83,1004.3,0.5,Thursday,2024-12-16
Bingo Mad Angles,Snacks,63,14.9,13.229999999999999,714.42,54,804.6,4.0,Sunday,2024-12-17
Spinach Bunch,Produce,145,15.8,145.0,3480.0,24,379.20000000000005,0.5,Saturday,2024-12-18
Lays Chips 100g,Snacks,232,9.7,222.72,5790.72,26,252.2,5.0,Friday,2024-12-19
Chicken Breast 500g,Meat,47,10.3,47.0,752.0,16,164.8,0.5,Friday,2024-12-20
Nestlé Yogurt 150g,Dairy,217,2.8,217.0,15190.0,70,196.0,0.5,Thursday,2024-12-21
Tomato 1kg,Produce,204,9.7,204.0,15096.0,74,717.8,0.5,Friday,2024-12-22
Chicken Breast 500g,Meat,100,2.8,100.0,5900.0,59,165.2,7.0,Friday,2024-12-23
Nestlé Yogurt 150g,Dairy,262,2.0,262.0,24366.0,93,186.0,0.5,Saturday,2024-12-24
Chicken Breast 500g,Meat,263,14.3,263.0,5786.0,22,314.6,0.5,Tuesday,2024-12-25
Brown Bun Pack,Bakery,247,10.0,244.53,5379.66,22,220.0,5.0,Sunday,2024-12-26
Amul Milk 500ml,Dairy,11,14.1,3.41,272.8,80,1128.0,0.5,Tuesday,2024-12-27
Kurkure Masala,Snacks,148,0.6,148.0,11248.0,76,45.6,0.5,Monday,2024-12-28
Mutton Mince 250g,Meat,96,22.0,27.839999999999996,2115.8399999999997,76,1672.0,3.0,Tuesday,2024-12-29
Chicken Breast 500g,Meat,260,13.0,148.2,10225.8,69,897.0,7.0,Sunday,2024-12-30
Brown Bun Pack,Bakery,222,23.4,222.0,6438.0,29,678.5999999999999,0.5,Tuesday,2024-12-31
Brown Bun Pack,Bakery,247,10.0,244.53,18584.28,76,760.0,5.0,Thursday,2025-01-01
Kurkure Masala,Snacks,148,0.6,148.0,6068.0,41,24.599999999999998,0.5,Saturday,2025-01-02
Nestlé Yogurt 150g,Dairy,201,20.1,201.0,6030.0,30,603.0,0.5,Sunday,2025-01-03
Nestlé Yogurt 150g,Dairy,217,2.8,217.0,4123.0,19,53.199999999999996,0.5,Monday,2025-01-04
Lays Chips 100g,Snacks,144,13.6,144.0,4320.0,30,408.0,0.5,Sunday,2025-01-05
Mother Dairy Butter 100g,Dairy,38,12.7,38.0,1178.0,31,393.7,0.5,Wednesday,2025-01-06
Kurkure Masala,Snacks,224,3.6,224.0,8960.0,40,144.0,8.0,Monday,2025-01-07
Fish Fillet 300g,Meat,228,20.6,228.0,2508.0,11,226.60000000000002,0.5,Thursday,2025-01-08
Kurkure Masala,Snacks,224,3.6,224.0,18144.0,81,291.6,8.0,Friday,2025-01-09
Mutton Mince 250g,Meat,295,24.6,141.6,6938.4,49,1205.4,5.0,Saturday,2025-01-10
White Bread,Bakery,162,14.2,92.33999999999999,1200.4199999999998,13,184.6,4.0,Monday,2025-01-11
Kurkure Masala,Snacks,148,0.6,148.0,6216.0,42,25.2,0.5,Wednesday,2025-01-12
Bingo Mad Angles,Snacks,92,12.1,92.0,6256.0,68,822.8,0.5,Tuesday,2025-01-13
Nestlé Yogurt 150g,Dairy,201,20.1,201.0,9045.0,45,904.5000000000001,0.5,Thursday,2025-01-14
Lays Chips 100g,Snacks,144,13.6,144.0,9360.0,65,884.0,0.5,Friday,2025-01-15
Kurkure Masala,Snacks,224,3.6,224.0,18592.0,83,298.8,8.0,Tuesday,2025-01-16
Brown Bun Pack,Bakery,42,24.3,28.979999999999997,1072.26,37,899.1,0.5,Monday,2025-01-17
Chicken Breast 500g,Meat,47,10.3,47.0,2021.0,43,442.90000000000003,0.5,Sunday,2025-01-18
Spinach Bunch,Produce,268,4.9,268.0,19832.0,74,362.6,0.5,Saturday,2025-01-19
Fish Fillet 300g,Meat,40,12.5,40.0,1000.0,25,312.5,0.5,Saturday,2025-01-20
Nestlé Yogurt 150g,Dairy,262,2.0,262.0,16768.0,64,128.0,0.5,Saturday,2025-01-21
Amul Milk 500ml,Dairy,11,14.1,3.41,245.52,72,1015.1999999999999,0.5,Friday,2025-01-22
Nestlé Yogurt 150g,Dairy,217,2.8,217.0,13671.0,63,176.39999999999998,0.5,Sunday,2025-01-23
Amul Milk 500ml,Dairy,185,8.9,185.0,2775.0,15,133.5,0.5,Saturday,2025-01-24
Nestlé Yogurt 150g,Dairy,217,2.8,217.0,10199.0,47,131.6,0.5,Thursday,2025-01-25
Bingo Mad Angles,Snacks,26,13.7,19.76,316.16,16,219.2,0.5,Saturday,2025-01-26
Mutton Mince 250g,Meat,265,1.7,265.0,18020.0,68,115.6,0.5,Friday,2025-01-27
Spinach Bunch,Produce,253,12.6,253.0,20999.0,83,1045.8,0.5,Friday,2025-01-28
Mutton Mince 250g,Meat,265,1.7,265.0,10865.0,41,69.7,0.5,Saturday,2025-01-29
Brown Bun Pack,Bakery,32,21.3,19.2,441.59999999999997,23,489.90000000000003,0.5,Tuesday,2025-01-30
Brown Bun Pack,Bakery,39,10.3,14.82,1274.52,86,885.8000000000001,2.0,Friday,2025-01-31
Chicken Breast 500g,Meat,100,2.8,100.0,4400.0,44,123.19999999999999,7.0,Thursday,2025-02-01
Bingo Mad Angles,Snacks,60,21.6,6.6,501.59999999999997,76,1641.6000000000001,5.0,Thursday,2025-02-02
Brown Bun Pack,Bakery,247,10.0,244.53,14182.74,58,580.0,5.0,Saturday,2025-02-03
Fish Fillet 300g,Meat,228,20.6,228.0,17556.0,77,1586.2,0.5,Friday,2025-02-04
Nestlé Yogurt 150g,Dairy,267,21.8,267.0,17088.0,64,1395.2,0.5,Tuesday,2025-02-05
Bingo Mad Angles,Snacks,26,13.7,19.76,1600.5600000000002,81,1109.7,0.5,Sunday,2025-02-06
White Bread,Bakery,162,14.2,92.33999999999999,8679.96,94,1334.8,4.0,Thursday,2025-02-07
Brown Bun Pack,Bakery,42,24.3,28.979999999999997,2608.2,90,2187.0,0.5,Tuesday,2025-02-08
Kurkure Masala,Snacks,59,12.2,59.0,2950.0,50,610.0,0.5,Saturday,2025-02-09
Brown Bun Pack,Bakery,90,22.4,7.2,576.0,80,1792.0,10.0,Tuesday,2025-02-10
Chicken Breast 500g,Meat,263,14.3,263.0,7627.0,29,414.70000000000005,0.5,Monday,2025-02-11
Bingo Mad Angles,Snacks,92,12.1,92.0,3496.0,38,459.8,0.5,Wednesday,2025-02-12
Nestlé Yogurt 150g,Dairy,201,20.1,201.0,3216.0,16,321.6,0.5,Saturday,2025-02-13
Spinach Bunch,Produce,253,12.6,253.0,8602.0,34,428.4,0.5,Monday,2025-02-14
Kurkure Masala,Snacks,283,12.9,283.0,9056.0,32,412.8,0.5,Tuesday,2025-02-15
Brown Bun Pack,Bakery,32,21.3,19.2,1900.8,99,2108.7000000000003,0.5,Thursday,2025-02-16
Mother Dairy Butter 100g,Dairy,220,13.7,220.0,2640.0,12,164.39999999999998,0.5,Friday,2025-02-17
Chicken Breast 500g,Meat,260,13.0,148.2,6224.4,42,546.0,7.0,Saturday,2025-02-18
Amul Milk 500ml,Dairy,185,8.9,185.0,18315.0,99,881.1,0.5,Monday,2025-02-19
Spinach Bunch,Produce,253,12.6,253.0,9108.0,36,453.59999999999997,0.5,Thursday,2025-02-20
Mutton Mince 250g,Meat,295,24.6,141.6,1416.0,10,246.0,5.0,Saturday,2025-02-21
Fish Fillet 300g,Meat,40,12.5,40.0,2880.0,72,900.0,0.5,Thursday,2025-02-22
Mother Dairy Butter 100g,Dairy,220,13.7,220.0,13860.0,63,863.0999999999999,0.5,Saturday,2025-02-23
Lays Chips 100g,Snacks,116,7.0,116.0,8816.0,76,532.0,0.5,Tuesday,2025-02-24
Kurkure Masala,Snacks,224,3.6,224.0,3584.0,16,57.6,8.0,Sunday,2025-02-25
Mutton Mince 250g,Meat,295,24.6,141.6,3964.7999999999997,28,688.8000000000001,5.0,Wednesday,2025-02-26
Kurkure Masala,Snacks,224,3.6,224.0,20160.0,90,324.0,8.0,Wednesday,2025-02-27
Chicken Breast 500g,Meat,100,2.8,100.0,8100.0,81,226.79999999999998,7.0,Friday,2025-02-28
Brown Bun Pack,Bakery,222,23.4,222.0,13764.0,62,1450.8,0.5,Saturday,2025-03-01
Mutton Mince 250g,Meat,295,24.6,141.6,10336.8,73,1795.8000000000002,5.0,Monday,2025-03-02
Mother Dairy Butter 100g,Dairy,38,12.7,38.0,570.0,15,190.5,0.5,Sunday,2025-03-03
Kurkure Masala,Snacks,224,3.6,224.0,12992.0,58,208.8,8.0,Wednesday,2025-03-04
Kurkure Masala,Snacks,224,3.6,224.0,2464.0,11,39.6,8.0,Tuesday,2025-03-05
Brown Bun Pack,Bakery,39,10.3,14.82,429.78000000000003,29,298.70000000000005,2.0,Monday,2025-03-06
White Bread,Bakery,162,14.2,92.33999999999999,7017.839999999999,76,1079.2,4.0,Saturday,2025-03-07
Chicken Breast 500g,Meat,100,2.8,100.0,8900.0,89,249.2,7.0,Wednesday,2025-03-08
Mutton Mince 250g,Meat,96,22.0,27.839999999999996,695.9999999999999,25,550.0,3.0,Tuesday,2025-03-09
Spinach Bunch,Produce,145,15.8,145.0,8845.0,61,963.8000000000001,0.5,Tuesday,2025-03-10
Amul Milk 500ml,Dairy,12,4.6,3.12,190.32,61,280.59999999999997,2.0,Tuesday,2025-03-11
Spinach Bunch,Produce,268,4.9,268.0,25460.0,95,465.50000000000006,0.5,Thursday,2025-03-12
Fish Fillet 300g,Meat,228,20.6,228.0,21660.0,95,1957.0000000000002,0.5,Tuesday,2025-03-13
Lays Chips 100g,Snacks,144,13.6,144.0,8064.0,56,761.6,0.5,Monday,2025-03-14
Kurkure Masala,Snacks,224,3.6,224.0,19488.0,87,313.2,8.0,Monday,2025-03-15
Spinach Bunch,Produce,115,22.4,115.0,6325.0,55,1232.0,0.5,Tuesday,2025-03-16
Multigrain Cookies,Bakery,60,10.4,34.8,2749.2,79,821.6,2.0,Wednesday,2025-03-17
Lays Chips 100g,Snacks,144,13.6,144.0,10800.0,75,1020.0,0.5,Tuesday,2025-03-18
Lays Chips 100g,Snacks,165,13.4,165.0,8085.0,49,656.6,0.5,Tuesday,2025-03-19
Bingo Mad Angles,Snacks,60,21.6,6.6,310.2,47,1015.2,5.0,Friday,2025-03-20
Nestlé Yogurt 150g,Dairy,262,2.0,262.0,20698.0,79,158.0,0.5,Tuesday,2025-03-21
Nestlé Yogurt 150g,Dairy,267,21.8,267.0,26166.0,98,2136.4,0.5,Monday,2025-03-22
Banana 6pcs,Produce,154,5.6,154.0,6314.0,41,229.6,0.5,Monday,2025-03-23
Bingo Mad Angles,Snacks,26,13.7,19.76,1936.4800000000002,98,1342.6,0.5,Thursday,2025-03-24
Chicken Breast 500g,Meat,47,10.3,47.0,1410.0,30,309.0,0.5,Sunday,2025-03-25
Multigrain Cookies,Bakery,224,9.0,224.0,14784.0,66,594.0,1.0,Saturday,2025-03-26
Chicken Breast 500g,Meat,260,13.0,148.2,1630.1999999999998,11,143.0,7.0,Wednesday,2025-03-27
White Bread,Bakery,261,20.0,112.23,10661.85,95,1900.0,6.0,Tuesday,2025-03-28
Mother Dairy Butter 100g,Dairy,38,12.7,38.0,1406.0,37,469.9,0.5,Friday,2025-03-29
Nestlé Yogurt 150g,Dairy,217,2.8,217.0,9331.0,43,120.39999999999999,0.5,Friday,2025-03-30
Banana 6pcs,Produce,154,5.6,154.0,5544.0,36,201.6,0.5,Wednesday,2025-03-31
Spinach Bunch,Produce,268,4.9,268.0,19296.0,72,352.8,0.5,Sunday,2025-04-01
Bingo Mad Angles,Snacks,92,12.1,92.0,1932.0,21,254.1,0.5,Saturday,2025-04-02
Nestlé Yogurt 150g,Dairy,267,21.8,267.0,11748.0,44,959.2,0.5,Monday,2025-04-03
Amul Milk 500ml,Dairy,185,8.9,185.0,14615.0,79,703.1,0.5,Sunday,2025-04-04
Bingo Mad Angles,Snacks,26,13.7,19.76,316.16,16,219.2,0.5,Friday,2025-04-05
Brown Bun Pack,Bakery,42,24.3,28.979999999999997,2869.0199999999995,99,2405.7000000000003,0.5,Saturday,2025-04-06
Brown Bun Pack,Bakery,32,21.3,19.2,768.0,40,852.0,0.5,Monday,2025-04-07
Mutton Mince 250g,Meat,265,1.7,265.0,2915.0,11,18.7,0.5,Monday,2025-04-08
Brown Bun Pack,Bakery,222,23.4,222.0,10656.0,48,1123.1999999999998,0.5,Saturday,2025-04-09
Chicken Breast 500g,Meat,47,10.3,47.0,4512.0,96,988.8000000000001,0.5,Sunday,2025-04-10
Bingo Mad Angles,Snacks,63,14.9,13.229999999999999,277.83,21,312.90000000000003,4.0,Sunday,2025-04-11
Mutton Mince 250g,Meat,96,22.0,27.839999999999996,2087.9999999999995,75,1650.0,3.0,Monday,2025-04-12
Brown Bun Pack,Bakery,42,24.3,28.979999999999997,521.64,18,437.40000000000003,0.5,Monday,2025-04-13
Lays Chips 100g,Snacks,144,13.6,144.0,2304.0,16,217.6,0.5,Sunday,2025-04-14
Spinach Bunch,Produce,268,4.9,268.0,22780.0,85,416.50000000000006,0.5,Friday,2025-04-15
Fish Fillet 300g,Meat,206,17.1,206.0,20188.0,98,1675.8000000000002,1.0,Monday,2025-04-16
White Bread,Bakery,162,14.2,92.33999999999999,1477.4399999999998,16,227.2,4.0,Friday,2025-04-17
Bingo Mad Angles,Snacks,60,21.6,6.6,633.5999999999999,96,2073.6000000000004,5.0,Saturday,2025-04-18
Bingo Mad Angles,Snacks,92,12.1,92.0,6624.0,72,871.1999999999999,0.5,Wednesday,2025-04-19
Mutton Mince 250g,Meat,265,1.7,265.0,5300.0,20,34.0,0.5,Sunday,2025-04-20
Spinach Bunch,Produce,115,22.4,115.0,9315.0,81,1814.3999999999999,0.5,Thursday,2025-04-21
Nestlé Yogurt 150g,Dairy,262,2.0,262.0,12838.0,49,98.0,0.5,Friday,2025-04-22
Kurkure Masala,Snacks,224,3.6,224.0,19488.0,87,313.2,8.0,Monday,2025-04-23
Spinach Bunch,Produce,145,15.8,145.0,8120.0,56,884.8000000000001,0.5,Saturday,2025-04-24
Banana 6pcs,Produce,154,5.6,154.0,4004.0,26,145.6,0.5,Tuesday,2025-04-25
Chicken Breast 500g,Meat,263,14.3,263.0,4471.0,17,243.10000000000002,0.5,Monday,2025-04-26
Banana 6pcs,Produce,154,5.6,154.0,6776.0,44,246.39999999999998,0.5,Saturday,2025-04-27
Fish Fillet 300g,Meat,40,12.5,40.0,1440.0,36,450.0,0.5,Sunday,2025-04-28
Nestlé Yogurt 150g,Dairy,201,20.1,201.0,9045.0,45,904.5000000000001,0.5,Saturday,2025-04-29
Kurkure Masala,Snacks,283,12.9,283.0,15282.0,54,696.6,0.5,Sunday,2025-04-30
Brown Bun Pack,Bakery,39,10.3,14.82,1022.58,69,710.7,2.0,Tuesday,2025-05-01
Brown Bun Pack,Bakery,39,10.3,14.82,518.7,35,360.5,2.0,Friday,2025-05-02
Chicken Breast 500g,Meat,260,13.0,148.2,7558.2,51,663.0,7.0,Saturday,2025-05-03
Chicken Breast 500g,Meat,260,13.0,148.2,8447.4,57,741.0,7.0,Tuesday,2025-05-04
Brown Bun Pack,Bakery,247,10.0,244.53,22007.7,90,900.0,5.0,Tuesday,2025-05-05
Spinach Bunch,Produce,145,15.8,145.0,4350.0,30,474.0,0.5,Monday,2025-05-06
Mutton Mince 250g,Meat,265,1.7,265.0,21465.0,81,137.7,0.5,Sunday,2025-05-07
Kurkure Masala,Snacks,59,12.2,59.0,1652.0,28,341.59999999999997,0.5,Wednesday,2025-05-08
Amul Milk 500ml,Dairy,12,4.6,3.12,184.08,59,271.4,2.0,Thursday,2025-05-09
Lays Chips 100g,Snacks,165,13.4,165.0,8745.0,53,710.2,0.5,Wednesday,2025-05-10
Bingo Mad Angles,Snacks,92,12.1,92.0,3220.0,35,423.5,0.5,Wednesday,2025-05-11
Nestlé Yogurt 150g,Dairy,217,2.8,217.0,17360.0,80,224.0,0.5,Saturday,2025-05-12
Lays Chips 100g,Snacks,144,13.6,144.0,7344.0,51,693.6,0.5,Tuesday,2025-05-13
Tomato 1kg,Produce,204,9.7,204.0,8568.0,42,407.4,0.5,Thursday,2025-05-14
Bingo Mad Angles,Snacks,92,12.1,92.0,1840.0,20,242.0,0.5,Thursday,2025-05-15
Brown Bun Pack,Bakery,42,24.3,28.979999999999997,1159.1999999999998,40,972.0,0.5,Wednesday,2025-05-16
Fish Fillet 300g,Meat,37,4.2,37.0,3626.0,98,411.6,0.5,Monday,2025-05-17
Amul Milk 500ml,Dairy,185,8.9,185.0,4625.0,25,222.5,0.5,Friday,2025-05-18
Fish Fillet 300g,Meat,206,17.1,206.0,9476.0,46,786.6,1.0,Sunday,2025-05-19
Kurkure Masala,Snacks,224,3.6,224.0,12544.0,56,201.6,8.0,Tuesday,2025-05-20
Chicken Breast 500g,Meat,263,14.3,263.0,2630.0,10,143.0,0.5,Wednesday,2025-05-21
Mutton Mince 250g,Meat,295,24.6,141.6,5522.4,39,959.4000000000001,5.0,Saturday,2025-05-22
Kurkure Masala,Snacks,148,0.6,148.0,8436.0,57,34.199999999999996,0.5,Saturday,2025-05-23
Brown Bun Pack,Bakery,222,23.4,222.0,8658.0,39,912.5999999999999,0.5,Saturday,2025-05-24
Fish Fillet 300g,Meat,206,17.1,206.0,17716.0,86,1470.6000000000001,1.0,Tuesday,2025-05-25
Nestlé Yogurt 150g,Dairy,201,20.1,201.0,14070.0,70,1407.0,0.5,Monday,2025-05-26
Mother Dairy Butter 100g,Dairy,38,12.7,38.0,3154.0,83,1054.1,0.5,Friday,2025-05-27
Mother Dairy Butter 100g,Dairy,220,13.7,220.0,19800.0,90,1233.0,0.5,Sunday,2025-05-28
Bingo Mad Angles,Snacks,92,12.1,92.0,7636.0,83,1004.3,0.5,Tuesday,2025-05-29
Amul Milk 500ml,Dairy,11,14.1,3.41,139.81,41,578.1,0.5,Saturday,2025-05-30
Banana 6pcs,Produce,154,5.6,154.0,7854.0,51,285.59999999999997,0.5,Friday,2025-05-31
White Bread,Bakery,261,20.0,112.23,3479.13,31,620.0,6.0,Monday,2025-06-01
White Bread,Bakery,261,20.0,112.23,2693.52,24,480.0,6.0,Monday,2025-06-02
Spinach Bunch,Produce,145,15.8,145.0,2030.0,14,221.20000000000002,0.5,Wednesday,2025-06-03
Spinach Bunch,Produce,115,22.4,115.0,10810.0,94,2105.6,0.5,Sunday,2025-06-04
Bingo Mad Angles,Snacks,26,13.7,19.76,829.9200000000001,42,575.4,0.5,Tuesday,2025-06-05
Kurkure Masala,Snacks,283,12.9,283.0,21508.0,76,980.4,0.5,Monday,2025-06-06
Brown Bun Pack,Bakery,90,22.4,7.2,424.8,59,1321.6,10.0,Sunday,2025-06-07
Brown Bun Pack,Bakery,39,10.3,14.82,548.34,37,381.1,2.0,Saturday,2025-06-08
Mutton Mince 250g,Meat,265,1.7,265.0,26235.0,99,168.29999999999998,0.5,Thursday,2025-06-09
Kurkure Masala,Snacks,59,12.2,59.0,3422.0,58,707.5999999999999,0.5,Friday,2025-06-10
Multigrain Cookies,Bakery,224,9.0,224.0,16128.0,72,648.0,1.0,Thursday,2025-06-11
Brown Bun Pack,Bakery,32,21.3,19.2,652.8,34,724.2,0.5,Wednesday,2025-06-12
Kurkure Masala,Snacks,148,0.6,148.0,1480.0,10,6.0,0.5,Sunday,2025-06-13
Fish Fillet 300g,Meat,40,12.5,40.0,1360.0,34,425.0,0.5,Sunday,2025-06-14
Fish Fillet 300g,Meat,206,17.1,206.0,8858.0,43,735.3000000000001,1.0,Thursday,2025-06-15
Fish Fillet 300g,Meat,40,12.5,40.0,1640.0,41,512.5,0.5,Wednesday,2025-06-16
Mother Dairy Butter 100g,Dairy,38,12.7,38.0,608.0,16,203.2,0.5,Monday,2025-06-17
Fish Fillet 300g,Meat,206,17.1,206.0,19158.0,93,1590.3000000000002,1.0,Thursday,2025-06-18
Nestlé Yogurt 150g,Dairy,267,21.8,267.0,15486.0,58,1264.4,0.5,Sunday,2025-06-19
White Bread,Bakery,261,20.0,112.23,4489.2,40,800.0,6.0,Saturday,2025-06-20
Brown Bun Pack,Bakery,90,22.4,7.2,86.4,12,268.79999999999995,10.0,Friday,2025-06-21
Mutton Mince 250g,Meat,96,22.0,27.839999999999996,1419.84,51,1122.0,3.0,Sunday,2025-06-22
Fish Fillet 300g,Meat,206,17.1,206.0,2472.0,12,205.20000000000002,1.0,Friday,2025-06-23
Fish Fillet 300g,Meat,40,12.5,40.0,1000.0,25,312.5,0.5,Monday,2025-06-24
Spinach Bunch,Produce,268,4.9,268.0,21440.0,80,392.0,0.5,Monday,2025-06-25
Lays Chips 100g,Snacks,116,7.0,116.0,6148.0,53,371.0,0.5,Monday,2025-06-26
Brown Bun Pack,Bakery,90,22.4,7.2,288.0,40,896.0,10.0,Tuesday,2025-06-27
White Bread,Bakery,261,20.0,112.23,1458.99,13,260.0,6.0,Monday,2025-06-28
Bingo Mad Angles,Snacks,289,13.2,141.60999999999999,3398.6399999999994,24,316.79999999999995,9.0,Wednesday,2025-06-29
Spinach Bunch,Produce,145,15.8,145.0,4205.0,29,458.20000000000005,0.5,Friday,2025-06-30
Banana 6pcs,Produce,154,5.6,154.0,5698.0,37,207.2,0.5,Tuesday,2025-07-01
Multigrain Cookies,Bakery,60,10.4,34.8,2366.3999999999996,68,707.2,2.0,Wednesday,2025-07-02
Tomato 1kg,Produce,204,9.7,204.0,7956.0,39,378.29999999999995,0.5,Friday,2025-07-03
Chicken Breast 500g,Meat,260,13.0,148.2,7854.599999999999,53,689.0,7.0,Wednesday,2025-07-04
Spinach Bunch,Produce,145,15.8,145.0,12180.0,84,1327.2,0.5,Friday,2025-07-05
Chicken Breast 500g,Meat,260,13.0,148.2,11559.599999999999,78,1014.0,7.0,Sunday,2025-07-06
Spinach Bunch,Produce,145,15.8,145.0,2900.0,20,316.0,0.5,Monday,2025-07-07
Fish Fillet 300g,Meat,228,20.6,228.0,15732.0,69,1421.4,0.5,Thursday,2025-07-08
Lays Chips 100g,Snacks,116,7.0,116.0,3480.0,30,210.0,0.5,Sunday,2025-07-09
Banana 6pcs,Produce,154,5.6,154.0,8778.0,57,319.2,0.5,Wednesday,2025-07-10
Fish Fillet 300g,Meat,206,17.1,206.0,7416.0,36,615.6,1.0,Wednesday,2025-07-11
Nestlé Yogurt 150g,Dairy,262,2.0,262.0,13886.0,53,106.0,0.5,Sunday,2025-07-12
Multigrain Cookies,Bakery,224,9.0,224.0,2464.0,11,99.0,1.0,Sunday,2025-07-13
Lays Chips 100g,Snacks,144,13.6,144.0,6912.0,48,652.8,0.5,Tuesday,2025-07-14
Mutton Mince 250g,Meat,271,8.9,271.0,7046.0,26,231.4,6.0,Saturday,2025-07-15
Mutton Mince 250g,Meat,271,8.9,271.0,5691.0,21,186.9,6.0,Tuesday,2025-07-16
Spinach Bunch,Produce,115,22.4,115.0,7360.0,64,1433.6,0.5,Tuesday,2025-07-17
Brown Bun Pack,Bakery,32,21.3,19.2,249.6,13,276.90000000000003,0.5,Thursday,2025-07-18
Bingo Mad Angles,Snacks,26,13.7,19.76,573.0400000000001,29,397.29999999999995,0.5,Tuesday,2025-07-19
Kurkure Masala,Snacks,283,12.9,283.0,20942.0,74,954.6,0.5,Friday,2025-07-20
Spinach Bunch,Produce,253,12.6,253.0,10373.0,41,516.6,0.5,Thursday,2025-07-21
Chicken Breast 500g,Meat,263,14.3,263.0,20514.0,78,1115.4,0.5,Wednesday,2025-07-22
Brown Bun Pack,Bakery,32,21.3,19.2,883.1999999999999,46,979.8000000000001,0.5,Tuesday,2025-07-23
Spinach Bunch,Produce,253,12.6,253.0,9361.0,37,466.2,0.5,Tuesday,2025-07-24
Mutton Mince 250g,Meat,295,24.6,141.6,6088.8,43,1057.8,5.0,Friday,2025-07-25
Tomato 1kg,Produce,204,9.7,204.0,11628.0,57,552.9,0.5,Monday,2025-07-26
Fish Fillet 300g,Meat,37,4.2,37.0,2479.0,67,281.40000000000003,0.5,Thursday,2025-07-27
Tomato 1kg,Produce,204,9.7,204.0,13872.0,68,659.5999999999999,0.5,Monday,2025-07-28
Chicken Breast 500g,Meat,47,10.3,47.0,940.0,20,206.0,0.5,Saturday,2025-07-29
Nestlé Yogurt 150g,Dairy,201,20.1,201.0,10653.0,53,1065.3000000000002,0.5,Friday,2025-07-30
Amul Milk 500ml,Dairy,185,8.9,185.0,9435.0,51,453.90000000000003,0.5,Tuesday,2025-07-31
Nestlé Yogurt 150g,Dairy,201,20.1,201.0,19296.0,96,1929.6000000000001,0.5,Monday,2025-08-01
Mutton Mince 250g,Meat,96,22.0,27.839999999999996,890.8799999999999,32,704.0,3.0,Tuesday,2025-08-02
Multigrain Cookies,Bakery,60,10.4,34.8,1357.1999999999998,39,405.6,2.0,Thursday,2025-08-03
Amul Milk 500ml,Dairy,185,8.9,185.0,16835.0,91,809.9,0.5,Monday,2025-08-04
Mother Dairy Butter 100g,Dairy,38,12.7,38.0,3610.0,95,1206.5,0.5,Sunday,2025-08-05
Brown Bun Pack,Bakery,247,10.0,244.53,6846.84,28,280.0,5.0,Sunday,2025-08-06
Mutton Mince 250g,Meat,265,1.7,265.0,10070.0,38,64.6,0.5,Monday,2025-08-07
Banana 6pcs,Produce,154,5.6,154.0,1540.0,10,56.0,0.5,Tuesday,2025-08-08
Nestlé Yogurt 150g,Dairy,267,21.8,267.0,14685.0,55,1199.0,0.5,Sunday,2025-08-09
Kurkure Masala,Snacks,224,3.6,224.0,12992.0,58,208.8,8.0,Tuesday,2025-08-10
Bingo Mad Angles,Snacks,289,13.2,141.60999999999999,1982.5399999999997,14,184.79999999999998,9.0,Tuesday,2025-08-11
Bingo Mad Angles,Snacks,63,14.9,13.229999999999999,396.9,30,447.0,4.0,Wednesday,2025-08-12
Mutton Mince 250g,Meat,265,1.7,265.0,9275.0,35,59.5,0.5,Sunday,2025-08-13
Nestlé Yogurt 150g,Dairy,262,2.0,262.0,9694.0,37,74.0,0.5,Thursday,2025-08-14
Bingo Mad Angles,Snacks,92,12.1,92.0,8004.0,87,1052.7,0.5,Friday,2025-08-15
Banana 6pcs,Produce,154,5.6,154.0,12782.0,83,464.79999999999995,0.5,Saturday,2025-08-16
White Bread,Bakery,162,14.2,92.33999999999999,1939.1399999999999,21,298.2,4.0,Monday,2025-08-17
Mother Dairy Butter 100g,Dairy,220,13.7,220.0,16500.0,75,1027.5,0.5,Monday,2025-08-18
Brown Bun Pack,Bakery,222,23.4,222.0,2220.0,10,234.0,0.5,Saturday,2025-08-19
Lays Chips 100g,Snacks,165,13.4,165.0,13365.0,81,1085.4,0.5,Sunday,2025-08-20
Fish Fillet 300g,Meat,206,17.1,206.0,14832.0,72,1231.2,1.0,Tuesday,2025-08-21
Brown Bun Pack,Bakery,42,24.3,28.979999999999997,1072.26,37,899.1,0.5,Sunday,2025-08-22
Kurkure Masala,Snacks,59,12.2,59.0,3717.0,63,768.5999999999999,0.5,Friday,2025-08-23
Brown Bun Pack,Bakery,222,23.4,222.0,16650.0,75,1755.0,0.5,Friday,2025-08-24
Nestlé Yogurt 150g,Dairy,217,2.8,217.0,7378.0,34,95.19999999999999,0.5,Wednesday,2025-08-25
Mutton Mince 250g,Meat,96,22.0,27.839999999999996,2366.3999999999996,85,1870.0,3.0,Monday,2025-08-26
Amul Milk 500ml,Dairy,12,4.6,3.12,224.64000000000001,72,331.2,2.0,Wednesday,2025-08-27
Brown Bun Pack,Bakery,222,23.4,222.0,21756.0,98,2293.2,0.5,Sunday,2025-08-28
Bingo Mad Angles,Snacks,26,13.7,19.76,1086.8000000000002,55,753.5,0.5,Wednesday,2025-08-29
Bingo Mad Angles,Snacks,63,14.9,13.229999999999999,436.59,33,491.7,4.0,Sunday,2025-08-30
Bingo Mad Angles,Snacks,26,13.7,19.76,928.72,47,643.9,0.5,Saturday,2025-08-31
White Bread,Bakery,261,20.0,112.23,3703.59,33,660.0,6.0,Wednesday,2025-09-01
Mutton Mince 250g,Meat,271,8.9,271.0,2710.0,10,89.0,6.0,Sunday,2025-09-02
Spinach Bunch,Produce,115,22.4,115.0,11040.0,96,2150.3999999999996,0.5,Tuesday,2025-09-03
Spinach Bunch,Produce,145,15.8,145.0,7540.0,52,821.6,0.5,Wednesday,2025-09-04
Brown Bun Pack,Bakery,222,23.4,222.0,3774.0,17,397.79999999999995,0.5,Wednesday,2025-09-05
Chicken Breast 500g,Meat,100,2.8,100.0,9900.0,99,277.2,7.0,Wednesday,2025-09-06
Bingo Mad Angles,Snacks,92,12.1,92.0,3036.0,33,399.3,0.5,Saturday,2025-09-07
Mutton Mince 250g,Meat,295,24.6,141.6,3398.3999999999996,24,590.4000000000001,5.0,Friday,2025-09-08
Brown Bun Pack,Bakery,42,24.3,28.979999999999997,1304.1,45,1093.5,0.5,Thursday,2025-09-09
Bingo Mad Angles,Snacks,60,21.6,6.6,211.2,32,691.2,5.0,Saturday,2025-09-10
Brown Bun Pack,Bakery,90,22.4,7.2,597.6,83,1859.1999999999998,10.0,Wednesday,2025-09-11
Bingo Mad Angles,Snacks,26,13.7,19.76,1244.88,63,863.0999999999999,0.5,Monday,2025-09-12
Bingo Mad Angles,Snacks,63,14.9,13.229999999999999,410.12999999999994,31,461.90000000000003,4.0,Tuesday,2025-09-13
Kurkure Masala,Snacks,59,12.2,59.0,5605.0,95,1159.0,0.5,Saturday,2025-09-14
Brown Bun Pack,Bakery,222,23.4,222.0,17538.0,79,1848.6,0.5,Wednesday,2025-09-15
Kurkure Masala,Snacks,224,3.6,224.0,19712.0,88,316.8,8.0,Friday,2025-09-16
Kurkure Masala,Snacks,283,12.9,283.0,16697.0,59,761.1,0.5,Thursday,2025-09-17
Kurkure Masala,Snacks,59,12.2,59.0,5133.0,87,1061.3999999999999,0.5,Friday,2025-09-18
Lays Chips 100g,Snacks,116,7.0,116.0,8816.0,76,532.0,0.5,Tuesday,2025-09-19
Multigrain Cookies,Bakery,224,9.0,224.0,13216.0,59,531.0,1.0,Monday,2025-09-20
Nestlé Yogurt 150g,Dairy,217,2.8,217.0,4340.0,20,56.0,0.5,Friday,2025-09-21
Brown Bun Pack,Bakery,222,23.4,222.0,14874.0,67,1567.8,0.5,Friday,2025-09-22
Kurkure Masala,Snacks,59,12.2,59.0,1475.0,25,305.0,0.5,Monday,2025-09-23
Lays Chips 100g,Snacks,232,9.7,222.72,21603.84,97,940.9,5.0,Tuesday,2025-09-24
Nestlé Yogurt 150g,Dairy,201,20.1,201.0,14673.0,73,1467.3000000000002,0.5,Wednesday,2025-09-25
Bingo Mad Angles,Snacks,26,13.7,19.76,335.92,17,232.89999999999998,0.5,Tuesday,2025-09-26
